key	english	type	advancement_id	context	ru_manual
Find a Traveller’s Map	Find a Traveller’s Map	DESCRIPTION	blazeandcave:adventure/a_journey_begins	Описание advancement blazeandcave:adventure/a_journey_begins	
Awards Ceremony	Awards Ceremony	TITLE	blazeandcave:adventure/awards_ceremony	Название advancement blazeandcave:adventure/awards_ceremony	
Defeat a Breeze in the Trial Chambers	Defeat a Breeze in the Trial Chambers	DESCRIPTION	blazeandcave:adventure/break_wind	Описание advancement blazeandcave:adventure/break_wind	
Businessman	Businessman	TITLE	blazeandcave:adventure/businessman	Название advancement blazeandcave:adventure/businessman	
Have an Allay deliver a potion to you in the Deep Dark	Have an Allay deliver a potion to you in the Deep Dark	DESCRIPTION	blazeandcave:adventure/diagon_allay	Описание advancement blazeandcave:adventure/diagon_allay	
Feeling Ill	Feeling Ill	TITLE	blazeandcave:adventure/feeling_ill	Название advancement blazeandcave:adventure/feeling_ill	
Florist	Florist	TITLE	blazeandcave:adventure/florist	Название advancement blazeandcave:adventure/florist	
Trade for a flower from the Wandering Trader	Trade for a flower from the Wandering Trader	DESCRIPTION	blazeandcave:adventure/florist	Описание advancement blazeandcave:adventure/florist	
Ghostbuster!	Ghostbuster!	TITLE	blazeandcave:adventure/ghostbuster	Название advancement blazeandcave:adventure/ghostbuster	
Grave Robber	Grave Robber	TITLE	blazeandcave:adventure/grave_robber	Название advancement blazeandcave:adventure/grave_robber	
Kill a Vindicator in a Woodland Mansion	Kill a Vindicator in a Woodland Mansion	DESCRIPTION	blazeandcave:adventure/heres_johnny	Описание advancement blazeandcave:adventure/heres_johnny	
Name a bunny 'Toast'	Name a bunny 'Toast'	DESCRIPTION	blazeandcave:adventure/i_just_want_to_make_toast	Описание advancement blazeandcave:adventure/i_just_want_to_make_toast	
Kill a raid captain. Maybe consider staying away from villages for the time being...	Kill a raid captain. Maybe consider staying away from villages for the time being...	MESSAGE	blazeandcave:adventure/ive_got_a_bad_feeling_about_this	Видимое BACAP reward/chat сообщение для blazeandcave:adventure/ive_got_a_bad_feeling_about_this; используется в 2 местах	
Justice	Justice	TITLE	blazeandcave:adventure/justice	Название advancement blazeandcave:adventure/justice	
Defeat a Guardian	Defeat a Guardian	DESCRIPTION	blazeandcave:adventure/laser_sharks	Описание advancement blazeandcave:adventure/laser_sharks	
Place a map in an item frame	Place a map in an item frame	DESCRIPTION	blazeandcave:adventure/map_room	Описание advancement blazeandcave:adventure/map_room	
Kill a villager	Kill a villager	DESCRIPTION	blazeandcave:adventure/murderer	Описание advancement blazeandcave:adventure/murderer	
Play a music disc in a jukebox	Play a music disc in a jukebox	DESCRIPTION	blazeandcave:adventure/music_to_my_ears	Описание advancement blazeandcave:adventure/music_to_my_ears	
Name a Piglin Brute 'Technoblade'	Name a Piglin Brute 'Technoblade'	DESCRIPTION	blazeandcave:adventure/nerds_never_die	Описание advancement blazeandcave:adventure/nerds_never_die	
Picador	Picador	TITLE	blazeandcave:adventure/picador	Название advancement blazeandcave:adventure/picador	
Pottery Exhibition	Pottery Exhibition	TITLE	blazeandcave:adventure/pottery_exhibition	Название advancement blazeandcave:adventure/pottery_exhibition	
Prime Specimen	Prime Specimen	TITLE	blazeandcave:adventure/prime_specimen	Название advancement blazeandcave:adventure/prime_specimen	
Rebuilding the Oceans	Rebuilding the Oceans	TITLE	blazeandcave:adventure/rebuilding_the_oceans	Название advancement blazeandcave:adventure/rebuilding_the_oceans	
Trade for a coral block from the Wandering Trader	Trade for a coral block from the Wandering Trader	DESCRIPTION	blazeandcave:adventure/rebuilding_the_oceans	Описание advancement blazeandcave:adventure/rebuilding_the_oceans	
Get attacked by a natural iron golem defending its village	Get attacked by a natural iron golem defending its village	DESCRIPTION	blazeandcave:adventure/rekt	Описание advancement blazeandcave:adventure/rekt	
You have unlocked the root of the Adventure tab	You have unlocked the root of the Adventure tab	MESSAGE	blazeandcave:adventure/root	Сообщение разблокировки вкладки для blazeandcave:adventure/root	
Shady Deals	Shady Deals	TITLE	blazeandcave:adventure/shady_deals	Название advancement blazeandcave:adventure/shady_deals	
Kill a Guardian with arrows	Kill a Guardian with arrows	DESCRIPTION	blazeandcave:adventure/spear_fishing	Описание advancement blazeandcave:adventure/spear_fishing	
Stacked Smither	Stacked Smither	TITLE	blazeandcave:adventure/stacked_smither	Название advancement blazeandcave:adventure/stacked_smither	
Enter a jungle temple	Enter a jungle temple	DESCRIPTION	blazeandcave:adventure/tomb_raider	Описание advancement blazeandcave:adventure/tomb_raider	
Have a Sniffer dig up seeds	Have a Sniffer dig up seeds	DESCRIPTION	blazeandcave:adventure/truffle_worm	Описание advancement blazeandcave:adventure/truffle_worm	
Under the Ice	Under the Ice	TITLE	blazeandcave:adventure/under_the_ice	Название advancement blazeandcave:adventure/under_the_ice	
We're being attacked!	We're being attacked!	TITLE	blazeandcave:adventure/were_being_attacked	Название advancement blazeandcave:adventure/were_being_attacked	
Wololo!	Wololo!	TITLE	blazeandcave:adventure/wololo	Название advancement blazeandcave:adventure/wololo	
Adventuring Time	Adventuring Time	TITLE	minecraft:adventure/adventuring_time	Название advancement minecraft:adventure/adventuring_time	
Arbalistic	Arbalistic	TITLE	minecraft:adventure/arbalistic	Название advancement minecraft:adventure/arbalistic	
Sneak near something in the Deep Dark to prevent being heard	Sneak near something in the Deep Dark to prevent being heard	DESCRIPTION	minecraft:adventure/avoid_vibration	Описание advancement minecraft:adventure/avoid_vibration	
Bullseye	Bullseye	TITLE	minecraft:adventure/bullseye	Название advancement minecraft:adventure/bullseye	
Careful Restoration	Careful Restoration	TITLE	minecraft:adventure/craft_decorated_pot_using_only_sherds	Название advancement minecraft:adventure/craft_decorated_pot_using_only_sherds	
Crafters Crafting Crafters	Crafters Crafting Crafters	TITLE	minecraft:adventure/crafters_crafting_crafters	Название advancement minecraft:adventure/crafters_crafting_crafters	
Caves & Cliffs	Caves & Cliffs	TITLE	minecraft:adventure/fall_from_world_height	Название advancement minecraft:adventure/fall_from_world_height	
Hero of the Village	Hero of the Village	TITLE	minecraft:adventure/hero_of_the_village	Название advancement minecraft:adventure/hero_of_the_village	
Sticky Situation	Sticky Situation	TITLE	minecraft:adventure/honey_block_slide	Название advancement minecraft:adventure/honey_block_slide	
Monster Hunter	Monster Hunter	TITLE	minecraft:adventure/kill_a_mob	Название advancement minecraft:adventure/kill_a_mob	
Monsters Hunted	Monsters Hunted	TITLE	minecraft:adventure/kill_all_mobs	Название advancement minecraft:adventure/kill_all_mobs	
Kill a mob near a Sculk Catalyst	Kill a mob near a Sculk Catalyst	DESCRIPTION	minecraft:adventure/kill_mob_near_sculk_catalyst	Описание advancement minecraft:adventure/kill_mob_near_sculk_catalyst	
Surge Protector	Surge Protector	TITLE	minecraft:adventure/lightning_rod_with_villager_no_fire	Название advancement minecraft:adventure/lightning_rod_with_villager_no_fire	
Protect a villager from an undesired shock without starting a fire	Protect a villager from an undesired shock without starting a fire	DESCRIPTION	minecraft:adventure/lightning_rod_with_villager_no_fire	Описание advancement minecraft:adventure/lightning_rod_with_villager_no_fire	
Shoot a crossbow	Shoot a crossbow	DESCRIPTION	minecraft:adventure/ol_betsy	Описание advancement minecraft:adventure/ol_betsy	
Meteor Strike	Meteor Strike	TITLE	minecraft:adventure/overoverkill	Название advancement minecraft:adventure/overoverkill	
Deal 50 hearts of damage in a single hit using the Mace	Deal 50 hearts of damage in a single hit using the Mace	DESCRIPTION	minecraft:adventure/overoverkill	Описание advancement minecraft:adventure/overoverkill	
The Sound of Music	The Sound of Music	TITLE	minecraft:adventure/play_jukebox_in_meadows	Название advancement minecraft:adventure/play_jukebox_in_meadows	
Unlock an Ominous Vault with an Ominous Trial Key	Unlock an Ominous Vault with an Ominous Trial Key	DESCRIPTION	minecraft:adventure/revaulting	Описание advancement minecraft:adventure/revaulting	
Adventure	Adventure	TAB	minecraft:adventure/root	Название вкладки/категории для minecraft:adventure/root	
Respecting the Remnants	Respecting the Remnants	TITLE	minecraft:adventure/salvage_sherd	Название advancement minecraft:adventure/salvage_sherd	
Take Aim	Take Aim	TITLE	minecraft:adventure/shoot_arrow	Название advancement minecraft:adventure/shoot_arrow	
Sweet dreams	Sweet dreams	TITLE	minecraft:adventure/sleep_in_bed	Название advancement minecraft:adventure/sleep_in_bed	
Sniper Duel	Sniper Duel	TITLE	minecraft:adventure/sniper_duel	Название advancement minecraft:adventure/sniper_duel	
Is it a Plane?	Is it a Plane?	TITLE	minecraft:adventure/spyglass_at_dragon	Название advancement minecraft:adventure/spyglass_at_dragon	
Is it a Balloon?	Is it a Balloon?	TITLE	minecraft:adventure/spyglass_at_ghast	Название advancement minecraft:adventure/spyglass_at_ghast	
Look at a Ghast through a Spyglass	Look at a Ghast through a Spyglass	DESCRIPTION	minecraft:adventure/spyglass_at_ghast	Описание advancement minecraft:adventure/spyglass_at_ghast	
Is it a Bird?	Is it a Bird?	TITLE	minecraft:adventure/spyglass_at_parrot	Название advancement minecraft:adventure/spyglass_at_parrot	
Look at a Parrot through a Spyglass	Look at a Parrot through a Spyglass	DESCRIPTION	minecraft:adventure/spyglass_at_parrot	Описание advancement minecraft:adventure/spyglass_at_parrot	
Summon an Iron Golem to help defend a village	Summon an Iron Golem to help defend a village	DESCRIPTION	minecraft:adventure/summon_iron_golem	Описание advancement minecraft:adventure/summon_iron_golem	
A Throwaway Joke	A Throwaway Joke	TITLE	minecraft:adventure/throw_trident	Название advancement minecraft:adventure/throw_trident	
Postmortal	Postmortal	TITLE	minecraft:adventure/totem_of_undying	Название advancement minecraft:adventure/totem_of_undying	
What a Deal!	What a Deal!	TITLE	minecraft:adventure/trade	Название advancement minecraft:adventure/trade	
Star Trader	Star Trader	TITLE	minecraft:adventure/trade_at_world_height	Название advancement minecraft:adventure/trade_at_world_height	
Smithing With Style	Smithing With Style	TITLE	minecraft:adventure/trim_with_all_exclusive_armor_patterns	Название advancement minecraft:adventure/trim_with_all_exclusive_armor_patterns	
Crafting a New Look	Crafting a New Look	TITLE	minecraft:adventure/trim_with_any_armor_pattern	Название advancement minecraft:adventure/trim_with_any_armor_pattern	
Two Birds, One Arrow	Two Birds, One Arrow	TITLE	minecraft:adventure/two_birds_one_arrow	Название advancement minecraft:adventure/two_birds_one_arrow	
Unlock a Vault using a Trial Key	Unlock a Vault using a Trial Key	DESCRIPTION	minecraft:adventure/under_lock_and_key	Описание advancement minecraft:adventure/under_lock_and_key	
Very Very Frightening	Very Very Frightening	TITLE	minecraft:adventure/very_very_frightening	Название advancement minecraft:adventure/very_very_frightening	
Strike a Villager with lightning	Strike a Villager with lightning	DESCRIPTION	minecraft:adventure/very_very_frightening	Описание advancement minecraft:adventure/very_very_frightening	
Light as a Rabbit	Light as a Rabbit	TITLE	minecraft:adventure/walk_on_powder_snow_with_leather_boots	Название advancement minecraft:adventure/walk_on_powder_snow_with_leather_boots	
Who Needs Rockets?	Who Needs Rockets?	TITLE	minecraft:adventure/who_needs_rockets	Название advancement minecraft:adventure/who_needs_rockets	
Who's the Pillager Now?	Who's the Pillager Now?	TITLE	minecraft:adventure/whos_the_pillager_now	Название advancement minecraft:adventure/whos_the_pillager_now	
Are we there yet?	Are we there yet?	TITLE	blazeandcave:animal/are_we_there_yet	Название advancement blazeandcave:animal/are_we_there_yet	
Tame a donkey	Tame a donkey	DESCRIPTION	blazeandcave:animal/are_we_there_yet	Описание advancement blazeandcave:animal/are_we_there_yet	
Kill an Axolotl with an axe	Kill an Axolotl with an axe	DESCRIPTION	blazeandcave:animal/axeolotl	Описание advancement blazeandcave:animal/axeolotl	
Bacon!	Bacon!	TITLE	blazeandcave:animal/bacon	Название advancement blazeandcave:animal/bacon	
Battle of the Bands	Battle of the Bands	TITLE	blazeandcave:animal/battle_of_the_bands	Название advancement blazeandcave:animal/battle_of_the_bands	
Beeloons!	Beeloons!	TITLE	blazeandcave:animal/beeloons	Название advancement blazeandcave:animal/beeloons	
Attach a lead to a bee	Attach a lead to a bee	DESCRIPTION	blazeandcave:animal/beeloons	Описание advancement blazeandcave:animal/beeloons	
Bunny Lover	Bunny Lover	TITLE	blazeandcave:animal/bunny_lover	Название advancement blazeandcave:animal/bunny_lover	
Catching Nemo	Catching Nemo	TITLE	blazeandcave:animal/catching_nemo	Название advancement blazeandcave:animal/catching_nemo	
Kill a Glow Squid	Kill a Glow Squid	DESCRIPTION	blazeandcave:animal/cephalight	Описание advancement blazeandcave:animal/cephalight	
Cow Tipper	Cow Tipper	TITLE	blazeandcave:animal/cow_tipper	Название advancement blazeandcave:animal/cow_tipper	
Cook and eat a fish!	Cook and eat a fish!	DESCRIPTION	blazeandcave:animal/delicious_fish	Описание advancement blazeandcave:animal/delicious_fish	
You'll get over it	You'll get over it	DESCRIPTION	blazeandcave:animal/feeling_sheepish	Описание advancement blazeandcave:animal/feeling_sheepish	
Put an item up for display in a Glowing Item Frame	Put an item up for display in a Glowing Item Frame	DESCRIPTION	blazeandcave:animal/flashy_items	Описание advancement blazeandcave:animal/flashy_items	
Give a fox a Totem of Undying	Give a fox a Totem of Undying	DESCRIPTION	blazeandcave:animal/foxy_thievery	Описание advancement blazeandcave:animal/foxy_thievery	
Slaughter a Goat	Slaughter a Goat	DESCRIPTION	blazeandcave:animal/goat_out_of_here	Описание advancement blazeandcave:animal/goat_out_of_here	
You have Goat to be kidding me!	You have Goat to be kidding me!	DESCRIPTION	blazeandcave:animal/goat_simulator	Описание advancement blazeandcave:animal/goat_simulator	
Have a Shearful Day	Have a Shearful Day	TITLE	blazeandcave:animal/have_a_shearful_day	Название advancement blazeandcave:animal/have_a_shearful_day	
The steaks are high for this advancement!	The steaks are high for this advancement!	DESCRIPTION	blazeandcave:animal/high_steaks	Описание advancement blazeandcave:animal/high_steaks	
Craft a Bundle using Rabbit Hide and String	Craft a Bundle using Rabbit Hide and String	MESSAGE	blazeandcave:animal/humble_bundle	Видимое BACAP reward/chat сообщение для blazeandcave:animal/humble_bundle; используется в 2 местах	
Iceologer Should've Won	Iceologer Should've Won	TITLE	blazeandcave:animal/iceologer_shouldve_won	Название advancement blazeandcave:animal/iceologer_shouldve_won	
Kill 100 Glow Squids	Kill 100 Glow Squids	DESCRIPTION	blazeandcave:animal/iceologer_shouldve_won	Описание advancement blazeandcave:animal/iceologer_shouldve_won	
Craft a lead using string and a slimeball, then attach it to a mob	Craft a lead using string and a slimeball, then attach it to a mob	DESCRIPTION	blazeandcave:animal/lead_the_way	Описание advancement blazeandcave:animal/lead_the_way	
Loud and Proud	Loud and Proud	TITLE	blazeandcave:animal/loud_and_proud	Название advancement blazeandcave:animal/loud_and_proud	
Play a Goat Horn in the Deep Dark	Play a Goat Horn in the Deep Dark	DESCRIPTION	blazeandcave:animal/loud_and_proud	Описание advancement blazeandcave:animal/loud_and_proud	
Paw Patrol	Paw Patrol	TITLE	blazeandcave:animal/paw_patrol	Название advancement blazeandcave:animal/paw_patrol	
Pig Slaughterer	Pig Slaughterer	TITLE	blazeandcave:animal/pig_slaughterer	Название advancement blazeandcave:animal/pig_slaughterer	
Pork Chop	Pork Chop	TITLE	blazeandcave:animal/pork_chop	Название advancement blazeandcave:animal/pork_chop	
You know kung fu, how about pork chop?	You know kung fu, how about pork chop?	DESCRIPTION	blazeandcave:animal/pork_chop	Описание advancement blazeandcave:animal/pork_chop	
You have unlocked the root of the Animals tab	You have unlocked the root of the Animals tab	MESSAGE	blazeandcave:animal/root	Сообщение разблокировки вкладки для blazeandcave:animal/root	
Eat some raw salmon... and not get poisoned after all	Eat some raw salmon... and not get poisoned after all	DESCRIPTION	blazeandcave:animal/salmonella_poisoning	Описание advancement blazeandcave:animal/salmonella_poisoning	
Collect a stack of turtle eggs	Collect a stack of turtle eggs	DESCRIPTION	blazeandcave:animal/save_the_turtles	Описание advancement blazeandcave:animal/save_the_turtles	
Milk a screaming Goat	Milk a screaming Goat	DESCRIPTION	blazeandcave:animal/screaming_milk	Описание advancement blazeandcave:animal/screaming_milk	
Scuttler	Scuttler	TITLE	blazeandcave:animal/scuttler	Название advancement blazeandcave:animal/scuttler	
Collect a stack of white wool	Collect a stack of white wool	DESCRIPTION	blazeandcave:animal/sheariously	Описание advancement blazeandcave:animal/sheariously	
Shoe Shed	Shoe Shed	TITLE	blazeandcave:animal/shoe_shed	Название advancement blazeandcave:animal/shoe_shed	
Silence of the Lambs	Silence of the Lambs	TITLE	blazeandcave:animal/silence_of_the_lambs	Название advancement blazeandcave:animal/silence_of_the_lambs	
So Hungry I Could Eat a Horse!	So Hungry I Could Eat a Horse!	TITLE	blazeandcave:animal/so_hungry_i_could_eat_a_horse	Название advancement blazeandcave:animal/so_hungry_i_could_eat_a_horse	
Tame a llama	Tame a llama	DESCRIPTION	blazeandcave:animal/stay_calmer	Описание advancement blazeandcave:animal/stay_calmer	
Eat some raw fish	Eat some raw fish	DESCRIPTION	blazeandcave:animal/sushi	Описание advancement blazeandcave:animal/sushi	
Turtle Army	Turtle Army	TITLE	blazeandcave:animal/turtle_army	Название advancement blazeandcave:animal/turtle_army	
Collect a stack of scutes	Collect a stack of scutes	MESSAGE	blazeandcave:animal/turtle_army	Видимое BACAP reward/chat сообщение для blazeandcave:animal/turtle_army; используется в 2 местах	
Turtle Soldier	Turtle Soldier	TITLE	blazeandcave:animal/turtle_soldier	Название advancement blazeandcave:animal/turtle_soldier	
What a piece of junk!	What a piece of junk!	TITLE	blazeandcave:animal/what_a_piece_of_junk	Название advancement blazeandcave:animal/what_a_piece_of_junk	
Drink some honey	Drink some honey	DESCRIPTION	blazeandcave:animal/winnie_the_pooh	Описание advancement blazeandcave:animal/winnie_the_pooh	
Ahoy!	Ahoy!	TITLE	blazeandcave:biomes/ahoy	Название advancement blazeandcave:biomes/ahoy	
Captain America	Captain America	TITLE	blazeandcave:biomes/captain_america	Название advancement blazeandcave:biomes/captain_america	
Choco Mountain	Choco Mountain	TITLE	blazeandcave:biomes/choco_mountain	Название advancement blazeandcave:biomes/choco_mountain	
Construction Worker	Construction Worker	TITLE	blazeandcave:biomes/construction_worker	Название advancement blazeandcave:biomes/construction_worker	
Echolocation	Echolocation	TITLE	blazeandcave:biomes/echolocation	Название advancement blazeandcave:biomes/echolocation	
Enchanted Forest	Enchanted Forest	TITLE	blazeandcave:biomes/enchanted_forest	Название advancement blazeandcave:biomes/enchanted_forest	
In a Pickle	In a Pickle	TITLE	blazeandcave:biomes/in_a_pickle	Название advancement blazeandcave:biomes/in_a_pickle	
Kung Fu Panda!	Kung Fu Panda!	TITLE	blazeandcave:biomes/kung_fu_panda	Название advancement blazeandcave:biomes/kung_fu_panda	
Qinling	Qinling	TITLE	blazeandcave:biomes/qinling	Название advancement blazeandcave:biomes/qinling	
Biomes	Biomes	TAB	blazeandcave:biomes/root	Название вкладки/категории для blazeandcave:biomes/root	
All around the world!	All around the world!	DESCRIPTION	blazeandcave:biomes/root	Описание advancement blazeandcave:biomes/root	
You have unlocked the root of the Biomes tab	You have unlocked the root of the Biomes tab	MESSAGE	blazeandcave:biomes/root	Сообщение разблокировки вкладки для blazeandcave:biomes/root	
Simba	Simba	TITLE	blazeandcave:biomes/simba	Название advancement blazeandcave:biomes/simba	
Get attacked by dolphins	Get attacked by dolphins	DESCRIPTION	blazeandcave:biomes/so_long_and_thanks_for_all_the_fish	Описание advancement blazeandcave:biomes/so_long_and_thanks_for_all_the_fish	
Tarzan	Tarzan	TITLE	blazeandcave:biomes/tarzan	Название advancement blazeandcave:biomes/tarzan	
Fall into some Powder Snow	Fall into some Powder Snow	DESCRIPTION	blazeandcave:biomes/this_snow_is_snowier	Описание advancement blazeandcave:biomes/this_snow_is_snowier	
Titanic	Titanic	TITLE	blazeandcave:biomes/titanic	Название advancement blazeandcave:biomes/titanic	
Put up a painting	Put up a painting	DESCRIPTION	blazeandcave:building/a_masterpiece	Описание advancement blazeandcave:building/a_masterpiece	
Change of Sheets	Change of Sheets	TITLE	blazeandcave:building/change_of_sheets	Название advancement blazeandcave:building/change_of_sheets	
Classy Glassy	Classy Glassy	TITLE	blazeandcave:building/classy_glassy	Название advancement blazeandcave:building/classy_glassy	
Colors of the Wind	Colors of the Wind	TITLE	blazeandcave:building/colors_of_the_wind	Название advancement blazeandcave:building/colors_of_the_wind	
Glowing!	Glowing!	TITLE	blazeandcave:building/glowing	Название advancement blazeandcave:building/glowing	
Put up a Hanging Sign	Put up a Hanging Sign	DESCRIPTION	blazeandcave:building/hanging_around	Описание advancement blazeandcave:building/hanging_around	
Happy Birthday!	Happy Birthday!	TITLE	blazeandcave:building/happy_birthday	Название advancement blazeandcave:building/happy_birthday	
Place a candle on a cake	Place a candle on a cake	DESCRIPTION	blazeandcave:building/happy_birthday	Описание advancement blazeandcave:building/happy_birthday	
Hot Tub	Hot Tub	TITLE	blazeandcave:building/hot_tub	Название advancement blazeandcave:building/hot_tub	
Insomniac	Insomniac	TITLE	blazeandcave:building/insomniac	Название advancement blazeandcave:building/insomniac	
Let There Be Light!	Let There Be Light!	TITLE	blazeandcave:building/let_there_be_light	Название advancement blazeandcave:building/let_there_be_light	
Professor Birch	Professor Birch	TITLE	blazeandcave:building/professor_birch	Название advancement blazeandcave:building/professor_birch	
Raise the flag!	Raise the flag!	TITLE	blazeandcave:building/raise_the_flag	Название advancement blazeandcave:building/raise_the_flag	
Rock Collection	Rock Collection	TITLE	blazeandcave:building/rock_collection	Название advancement blazeandcave:building/rock_collection	
Building	Building	TAB	blazeandcave:building/root	Название вкладки/категории для blazeandcave:building/root	
You have unlocked the root of the Building tab	You have unlocked the root of the Building tab	MESSAGE	blazeandcave:building/root	Сообщение разблокировки вкладки для blazeandcave:building/root	
Fill a Chiseled Bookshelf with books	Fill a Chiseled Bookshelf with books	DESCRIPTION	blazeandcave:building/shelf_expression	Описание advancement blazeandcave:building/shelf_expression	
Sign Off	Sign Off	TITLE	blazeandcave:building/sign_off	Название advancement blazeandcave:building/sign_off	
Use honeycomb to wax a sign, setting its ink for eternity	Use honeycomb to wax a sign, setting its ink for eternity	DESCRIPTION	blazeandcave:building/sign_off	Описание advancement blazeandcave:building/sign_off	
Skyblock	Skyblock	TITLE	blazeandcave:building/skyblock	Название advancement blazeandcave:building/skyblock	
Washing Machine	Washing Machine	TITLE	blazeandcave:building/washing_machine	Название advancement blazeandcave:building/washing_machine	
Abyss Lord	Abyss Lord	TITLE	blazeandcave:challenges/abyss_lord	Название advancement blazeandcave:challenges/abyss_lord	
Ad Astra	Ad Astra	TITLE	blazeandcave:challenges/ad_astra	Название advancement blazeandcave:challenges/ad_astra	
Biological Warfare	Biological Warfare	TITLE	blazeandcave:challenges/biological_warfare	Название advancement blazeandcave:challenges/biological_warfare	
Collect 64 nether stars	Collect 64 nether stars	DESCRIPTION	blazeandcave:challenges/constellation	Описание advancement blazeandcave:challenges/constellation	
Death From All	Death From All	TITLE	blazeandcave:challenges/death_from_all	Название advancement blazeandcave:challenges/death_from_all	
Get hurt by every mob that can kill you	Get hurt by every mob that can kill you	DESCRIPTION	blazeandcave:challenges/death_from_all	Описание advancement blazeandcave:challenges/death_from_all	
Explorer of Worlds	Explorer of Worlds	TITLE	blazeandcave:challenges/explorer_of_worlds	Название advancement blazeandcave:challenges/explorer_of_worlds	
Global Vaccination	Global Vaccination	TITLE	blazeandcave:challenges/global_vaccination	Название advancement blazeandcave:challenges/global_vaccination	
Hearts of the Stack	Hearts of the Stack	TITLE	blazeandcave:challenges/hearts_of_the_stack	Название advancement blazeandcave:challenges/hearts_of_the_stack	
Collect 64 Hearts of the Sea	Collect 64 Hearts of the Sea	DESCRIPTION	blazeandcave:challenges/hearts_of_the_stack	Описание advancement blazeandcave:challenges/hearts_of_the_stack	
I am Loot!	I am Loot!	TITLE	blazeandcave:challenges/i_am_loot	Название advancement blazeandcave:challenges/i_am_loot	
I'm in Space!	I'm in Space!	TITLE	blazeandcave:challenges/im_in_space	Название advancement blazeandcave:challenges/im_in_space	
Fill your entire inventory with Totems of Undying	Fill your entire inventory with Totems of Undying	DESCRIPTION	blazeandcave:challenges/immortal	Описание advancement blazeandcave:challenges/immortal	
The fourth is to take a temple tripwire into account	The fourth is to take a temple tripwire into account	MESSAGE	blazeandcave:challenges/riddle_me_this	Видимое BACAP reward/chat сообщение для blazeandcave:challenges/riddle_me_this; используется в 2 местах	
The third is to travel on an upside-down mount	The third is to travel on an upside-down mount	MESSAGE	blazeandcave:challenges/riddle_me_this	Видимое BACAP reward/chat сообщение для blazeandcave:challenges/riddle_me_this; используется в 2 местах	
WARNING: These are very difficult	WARNING: These are very difficult	MESSAGE	blazeandcave:challenges/root	Сообщение разблокировки вкладки для blazeandcave:challenges/root	
block.minecraft.deepslate_emerald_ore	block.minecraft.deepslate_emerald_ore	DESCRIPTION	blazeandcave:challenges/stack_all_the_blocks	Описание advancement blazeandcave:challenges/stack_all_the_blocks	
block.minecraft.dragon_egg	block.minecraft.dragon_egg	DESCRIPTION	blazeandcave:challenges/stack_all_the_blocks	Описание advancement blazeandcave:challenges/stack_all_the_blocks	
block.minecraft.heavy_core	block.minecraft.heavy_core	DESCRIPTION	blazeandcave:challenges/stack_all_the_blocks	Описание advancement blazeandcave:challenges/stack_all_the_blocks	
block.minecraft.large_fern	block.minecraft.large_fern	DESCRIPTION	blazeandcave:challenges/stack_all_the_blocks	Описание advancement blazeandcave:challenges/stack_all_the_blocks	
block.minecraft.netherite_block	block.minecraft.netherite_block	DESCRIPTION	blazeandcave:challenges/stack_all_the_blocks	Описание advancement blazeandcave:challenges/stack_all_the_blocks	
block.minecraft.suspicious_gravel	block.minecraft.suspicious_gravel	DESCRIPTION	blazeandcave:challenges/stack_all_the_blocks	Описание advancement blazeandcave:challenges/stack_all_the_blocks	
block.minecraft.suspicious_sand	block.minecraft.suspicious_sand	DESCRIPTION	blazeandcave:challenges/stack_all_the_blocks	Описание advancement blazeandcave:challenges/stack_all_the_blocks	
block.minecraft.tall_grass	block.minecraft.tall_grass	DESCRIPTION	blazeandcave:challenges/stack_all_the_blocks	Описание advancement blazeandcave:challenges/stack_all_the_blocks	
item.minecraft.recovery_compass	item.minecraft.recovery_compass	DESCRIPTION	blazeandcave:challenges/stack_all_the_items	Описание advancement blazeandcave:challenges/stack_all_the_items	
Pottery Sherd	Pottery Sherd	DESCRIPTION	blazeandcave:challenges/stack_all_the_items	Описание advancement blazeandcave:challenges/stack_all_the_items	
The Perfect Run	The Perfect Run	TITLE	blazeandcave:challenges/the_perfect_run	Название advancement blazeandcave:challenges/the_perfect_run	
Ultimate Enchanter	Ultimate Enchanter	TITLE	blazeandcave:challenges/ultimate_enchanter	Название advancement blazeandcave:challenges/ultimate_enchanter	
Warlock	Warlock	TITLE	blazeandcave:challenges/warlock	Название advancement blazeandcave:challenges/warlock	
Zombie Apocalypse	Zombie Apocalypse	TITLE	blazeandcave:challenges/zombie_apocalypse	Название advancement blazeandcave:challenges/zombie_apocalypse	
%1$s has completed the super challenge %2$s%3$s%4$s	%1$s has completed the super challenge %2$s%3$s%4$s	MESSAGE		Видимое BACAP reward/chat сообщение для blazeandcave:challenges/a_million_blocks_away; используется в 77 местах	
Boomerang	Boomerang	TITLE	blazeandcave:enchanting/boomerang	Название advancement blazeandcave:enchanting/boomerang	
Complete Enchanter	Complete Enchanter	TITLE	blazeandcave:enchanting/complete_enchanter	Название advancement blazeandcave:enchanting/complete_enchanter	
Curses!	Curses!	TITLE	blazeandcave:enchanting/curses	Название advancement blazeandcave:enchanting/curses	
I'll be back	I'll be back	TITLE	blazeandcave:enchanting/ill_be_back	Название advancement blazeandcave:enchanting/ill_be_back	
Let It Go!	Let It Go!	TITLE	blazeandcave:enchanting/let_it_go	Название advancement blazeandcave:enchanting/let_it_go	
Master Enchanter	Master Enchanter	TITLE	blazeandcave:enchanting/master_enchanter	Название advancement blazeandcave:enchanting/master_enchanter	
Overkill	Overkill	TITLE	blazeandcave:enchanting/overkill	Название advancement blazeandcave:enchanting/overkill	
Enchanting	Enchanting	TAB	blazeandcave:enchanting/root	Название вкладки/категории для blazeandcave:enchanting/root	
You have unlocked the root of the Enchanting tab	You have unlocked the root of the Enchanting tab	MESSAGE	blazeandcave:enchanting/root	Сообщение разблокировки вкладки для blazeandcave:enchanting/root	
To Infinity And Beyond!	To Infinity And Beyond!	TITLE	blazeandcave:enchanting/to_infinity_and_beyond	Название advancement blazeandcave:enchanting/to_infinity_and_beyond	
Kill a Skeleton or Stray while both you and it have levitation	Kill a Skeleton or Stray while both you and it have levitation	MESSAGE	blazeandcave:end/dogfight	Видимое BACAP reward/chat сообщение для blazeandcave:end/dogfight; используется в 2 местах	
Event Horizon	Event Horizon	TITLE	blazeandcave:end/event_horizon	Название advancement blazeandcave:end/event_horizon	
Survive void damage	Survive void damage	DESCRIPTION	blazeandcave:end/event_horizon	Описание advancement blazeandcave:end/event_horizon	
Kill a shulker	Kill a shulker	DESCRIPTION	blazeandcave:end/for_mother_clarence	Описание advancement blazeandcave:end/for_mother_clarence	
Purpurfect!	Purpurfect!	TITLE	blazeandcave:end/purpurfect	Название advancement blazeandcave:end/purpurfect	
Rocketman	Rocketman	TITLE	blazeandcave:end/rocketman	Название advancement blazeandcave:end/rocketman	
Fill your inventory with full stacks of firework rockets	Fill your inventory with full stacks of firework rockets	DESCRIPTION	blazeandcave:end/rocketman	Описание advancement blazeandcave:end/rocketman	
You have unlocked the root of the End tab	You have unlocked the root of the End tab	MESSAGE	blazeandcave:end/root	Сообщение разблокировки вкладки для blazeandcave:end/root	
Collect a stack of shulker shells	Collect a stack of shulker shells	DESCRIPTION	blazeandcave:end/shulker_breaker	Описание advancement blazeandcave:end/shulker_breaker	
The Point of No Return	The Point of No Return	TITLE	blazeandcave:end/the_point_of_no_return	Название advancement blazeandcave:end/the_point_of_no_return	
You Need a Mint	You Need a Mint	TITLE	minecraft:end/dragon_breath	Название advancement minecraft:end/dragon_breath	
The Next Generation	The Next Generation	TITLE	minecraft:end/dragon_egg	Название advancement minecraft:end/dragon_egg	
Hold the Dragon Egg	Hold the Dragon Egg	DESCRIPTION	minecraft:end/dragon_egg	Описание advancement minecraft:end/dragon_egg	
Sky's the Limit	Sky's the Limit	TITLE	minecraft:end/elytra	Название advancement minecraft:end/elytra	
Remote Getaway	Remote Getaway	TITLE	minecraft:end/enter_end_gateway	Название advancement minecraft:end/enter_end_gateway	
The City at the End of the Game	The City at the End of the Game	TITLE	minecraft:end/find_end_city	Название advancement minecraft:end/find_end_city	
Free the End	Free the End	TITLE	minecraft:end/kill_dragon	Название advancement minecraft:end/kill_dragon	
Great View From Up Here	Great View From Up Here	TITLE	minecraft:end/levitate	Название advancement minecraft:end/levitate	
The End... Again	The End... Again	TITLE	minecraft:end/respawn_dragon	Название advancement minecraft:end/respawn_dragon	
Respawn the Ender Dragon	Respawn the Ender Dragon	DESCRIPTION	minecraft:end/respawn_dragon	Описание advancement minecraft:end/respawn_dragon	
The End	The End	TAB	minecraft:end/root	Название вкладки/категории для minecraft:end/root	
Or the beginning?	Or the beginning?	DESCRIPTION	minecraft:end/root	Описание advancement minecraft:end/root	
Eat a golden carrot	Eat a golden carrot	DESCRIPTION	blazeandcave:farming/24_carrot_gold	Описание advancement blazeandcave:farming/24_carrot_gold	
Aquatic Biofuel	Aquatic Biofuel	TITLE	blazeandcave:farming/aquatic_biofuel	Название advancement blazeandcave:farming/aquatic_biofuel	
Crunch into an apple	Crunch into an apple	DESCRIPTION	blazeandcave:farming/bapple	Описание advancement blazeandcave:farming/bapple	
Hot Chocolate	Hot Chocolate	TITLE	blazeandcave:farming/hot_chocolate	Название advancement blazeandcave:farming/hot_chocolate	
Eat 100 slices of cake	Eat 100 slices of cake	DESCRIPTION	blazeandcave:farming/must_be_your_birthday	Описание advancement blazeandcave:farming/must_be_your_birthday	
Fill up a composter	Fill up a composter	DESCRIPTION	blazeandcave:farming/natural_fertiliser	Описание advancement blazeandcave:farming/natural_fertiliser	
Eat a poisonous potato	Eat a poisonous potato	DESCRIPTION	blazeandcave:farming/not_today	Описание advancement blazeandcave:farming/not_today	
Carve a stack of pumpkins	Carve a stack of pumpkins	DESCRIPTION	blazeandcave:farming/pumpa_kungen	Описание advancement blazeandcave:farming/pumpa_kungen	
Farming	Farming	TAB	blazeandcave:farming/root	Название вкладки/категории для blazeandcave:farming/root	
You have unlocked the root of the Farming tab	You have unlocked the root of the Farming tab	MESSAGE	blazeandcave:farming/root	Сообщение разблокировки вкладки для blazeandcave:farming/root	
Squid Game	Squid Game	TITLE	blazeandcave:farming/squid_game	Название advancement blazeandcave:farming/squid_game	
Suspicious Looking Stew	Suspicious Looking Stew	TITLE	blazeandcave:farming/suspicious_looking_stew	Название advancement blazeandcave:farming/suspicious_looking_stew	
Ultra Hardcore	Ultra Hardcore	TITLE	blazeandcave:farming/ultra_hardcore	Название advancement blazeandcave:farming/ultra_hardcore	
A Shiny Treat	A Shiny Treat	TITLE	blazeandcave:mining/a_shiny_treat	Название advancement blazeandcave:mining/a_shiny_treat	
Get struck by lightning while standing on a Lightning Rod	Get struck by lightning while standing on a Lightning Rod	DESCRIPTION	blazeandcave:mining/called_shot	Описание advancement blazeandcave:mining/called_shot	
Coal Miner	Coal Miner	TITLE	blazeandcave:mining/coal_miner	Название advancement blazeandcave:mining/coal_miner	
Death Pointer	Death Pointer	TITLE	blazeandcave:mining/death_pointer	Название advancement blazeandcave:mining/death_pointer	
Diamond Miner	Diamond Miner	TITLE	blazeandcave:mining/diamond_miner	Название advancement blazeandcave:mining/diamond_miner	
Diamonds to you!	Diamonds to you!	TITLE	blazeandcave:mining/diamonds_to_you	Название advancement blazeandcave:mining/diamonds_to_you	
Echonomy	Echonomy	TITLE	blazeandcave:mining/echonomy	Название advancement blazeandcave:mining/echonomy	
Get stuck in a cobweb	Get stuck in a cobweb	DESCRIPTION	blazeandcave:mining/eeuuwww	Описание advancement blazeandcave:mining/eeuuwww	
Emerald Miner	Emerald Miner	TITLE	blazeandcave:mining/emerald_miner	Название advancement blazeandcave:mining/emerald_miner	
Fallen Kingdom	Fallen Kingdom	TITLE	blazeandcave:mining/fallen_kingdom	Название advancement blazeandcave:mining/fallen_kingdom	
Loot a chest inside an ice box in an Ancient City	Loot a chest inside an ice box in an Ancient City	DESCRIPTION	blazeandcave:mining/frigid_diversions	Описание advancement blazeandcave:mining/frigid_diversions	
Gold Miner	Gold Miner	TITLE	blazeandcave:mining/gold_miner	Название advancement blazeandcave:mining/gold_miner	
Gold Rush	Gold Rush	TITLE	blazeandcave:mining/gold_rush	Название advancement blazeandcave:mining/gold_rush	
Wear a full suit of iron armor	Wear a full suit of iron armor	DESCRIPTION	blazeandcave:mining/iron_man	Описание advancement blazeandcave:mining/iron_man	
Iron Miner	Iron Miner	TITLE	blazeandcave:mining/iron_miner	Название advancement blazeandcave:mining/iron_miner	
Master Diamond Miner	Master Diamond Miner	TITLE	blazeandcave:mining/master_diamond_miner	Название advancement blazeandcave:mining/master_diamond_miner	
Master Iron Miner	Master Iron Miner	TITLE	blazeandcave:mining/master_iron_miner	Название advancement blazeandcave:mining/master_iron_miner	
Obsidian Miner	Obsidian Miner	TITLE	blazeandcave:mining/obsidian_miner	Название advancement blazeandcave:mining/obsidian_miner	
Mining	Mining	TAB	blazeandcave:mining/root	Название вкладки/категории для blazeandcave:mining/root	
You have unlocked the root of the Mining tab	You have unlocked the root of the Mining tab	MESSAGE	blazeandcave:mining/root	Сообщение разблокировки вкладки для blazeandcave:mining/root	
Smokin' Hot	Smokin' Hot	TITLE	blazeandcave:mining/smokin_hot	Название advancement blazeandcave:mining/smokin_hot	
Spelunker	Spelunker	TITLE	blazeandcave:mining/spelunker	Название advancement blazeandcave:mining/spelunker	
Loot a minecart chest from an Abandoned Mineshaft	Loot a minecart chest from an Abandoned Mineshaft	DESCRIPTION	blazeandcave:mining/steals_on_wheels	Описание advancement blazeandcave:mining/steals_on_wheels	
That's the point!	That's the point!	TITLE	blazeandcave:mining/thats_the_point	Название advancement blazeandcave:mining/thats_the_point	
Gurgle	Gurgle	DESCRIPTION	blazeandcave:monsters/a_watery_grave	Описание advancement blazeandcave:monsters/a_watery_grave	
Kill one of each of a baby zombie, zombie villager, husk, drowned and zombie pigman	Kill one of each of a baby zombie, zombie villager, husk, drowned and zombie pigman	DESCRIPTION	blazeandcave:monsters/baby_baby_baby_noo	Описание advancement blazeandcave:monsters/baby_baby_baby_noo	
Blast Shield	Blast Shield	TITLE	blazeandcave:monsters/blast_shield	Название advancement blazeandcave:monsters/blast_shield	
Blind Stare	Blind Stare	TITLE	blazeandcave:monsters/blind_stare	Название advancement blazeandcave:monsters/blind_stare	
Look at a Warden with a Spyglass	Look at a Warden with a Spyglass	DESCRIPTION	blazeandcave:monsters/blind_stare	Описание advancement blazeandcave:monsters/blind_stare	
Camouflage	Camouflage	TITLE	blazeandcave:monsters/camouflage	Название advancement blazeandcave:monsters/camouflage	
Collect a stack of gunpowder	Collect a stack of gunpowder	DESCRIPTION	blazeandcave:monsters/creeper_killer	Описание advancement blazeandcave:monsters/creeper_killer	
Kill a zombie	Kill a zombie	DESCRIPTION	blazeandcave:monsters/dead_dont_die	Описание advancement blazeandcave:monsters/dead_dont_die	
Kill a husk	Kill a husk	DESCRIPTION	blazeandcave:monsters/desert_nomad	Описание advancement blazeandcave:monsters/desert_nomad	
Collect a stack of ender pearls	Collect a stack of ender pearls	DESCRIPTION	blazeandcave:monsters/enderman_destroyer	Описание advancement blazeandcave:monsters/enderman_destroyer	
Kill a spider	Kill a spider	DESCRIPTION	blazeandcave:monsters/ew_ew_ew	Описание advancement blazeandcave:monsters/ew_ew_ew	
Kill a stray	Kill a stray	DESCRIPTION	blazeandcave:monsters/frosty	Описание advancement blazeandcave:monsters/frosty	
Gelatinous Cube	Gelatinous Cube	TITLE	blazeandcave:monsters/gelatinous_cube	Название advancement blazeandcave:monsters/gelatinous_cube	
Kill a slime	Kill a slime	DESCRIPTION	blazeandcave:monsters/gelatinous_cube	Описание advancement blazeandcave:monsters/gelatinous_cube	
Kill a Creeper with arrows	Kill a Creeper with arrows	DESCRIPTION	blazeandcave:monsters/keep_your_distance	Описание advancement blazeandcave:monsters/keep_your_distance	
Maximum Resistance	Maximum Resistance	TITLE	blazeandcave:monsters/maximum_resistance	Название advancement blazeandcave:monsters/maximum_resistance	
Bring a stray to a desert biome and then kill it	Bring a stray to a desert biome and then kill it	DESCRIPTION	blazeandcave:monsters/melting	Описание advancement blazeandcave:monsters/melting	
Mollusc Man	Mollusc Man	TITLE	blazeandcave:monsters/mollusc_man	Название advancement blazeandcave:monsters/mollusc_man	
Kill a baby zombie	Kill a baby zombie	DESCRIPTION	blazeandcave:monsters/ooh_baby	Описание advancement blazeandcave:monsters/ooh_baby	
Paleontologist	Paleontologist	TITLE	blazeandcave:monsters/paleontologist	Название advancement blazeandcave:monsters/paleontologist	
Collect a stack of phantom membranes	Collect a stack of phantom membranes	DESCRIPTION	blazeandcave:monsters/phantom_slayer	Описание advancement blazeandcave:monsters/phantom_slayer	
Poison Dart	Poison Dart	TITLE	blazeandcave:monsters/poison_dart	Название advancement blazeandcave:monsters/poison_dart	
Kill a cave spider	Kill a cave spider	DESCRIPTION	blazeandcave:monsters/poisonous_ew	Описание advancement blazeandcave:monsters/poisonous_ew	
Monsters	Monsters	TAB	blazeandcave:monsters/root	Название вкладки/категории для blazeandcave:monsters/root	
You have unlocked the root of the Monsters tab	You have unlocked the root of the Monsters tab	MESSAGE	blazeandcave:monsters/root	Сообщение разблокировки вкладки для blazeandcave:monsters/root	
Collect a stack of bones	Collect a stack of bones	DESCRIPTION	blazeandcave:monsters/skeleton_smiter	Описание advancement blazeandcave:monsters/skeleton_smiter	
Collect a stack of slimeballs	Collect a stack of slimeballs	DESCRIPTION	blazeandcave:monsters/slime_squisher	Описание advancement blazeandcave:monsters/slime_squisher	
Kill a skeleton	Kill a skeleton	DESCRIPTION	blazeandcave:monsters/spooky_skeleton	Описание advancement blazeandcave:monsters/spooky_skeleton	
Blow up a skeleton with a charged creeper to get a skeleton skull	Blow up a skeleton with a charged creeper to get a skeleton skull	DESCRIPTION	blazeandcave:monsters/spooky_skulls	Описание advancement blazeandcave:monsters/spooky_skulls	
Stealth is Optional	Stealth is Optional	TITLE	blazeandcave:monsters/stealth_is_optional	Название advancement blazeandcave:monsters/stealth_is_optional	
Kill a witch with a splash potion	Kill a witch with a splash potion	DESCRIPTION	blazeandcave:monsters/taste_of_your_own_medicine	Описание advancement blazeandcave:monsters/taste_of_your_own_medicine	
Termite Control	Termite Control	TITLE	blazeandcave:monsters/termite_control	Название advancement blazeandcave:monsters/termite_control	
Kill a silverfish	Kill a silverfish	DESCRIPTION	blazeandcave:monsters/termite_control	Описание advancement blazeandcave:monsters/termite_control	
Kill an enderman	Kill an enderman	DESCRIPTION	blazeandcave:monsters/the_ender_of_ender	Описание advancement blazeandcave:monsters/the_ender_of_ender	
Get attacked by phantoms	Get attacked by phantoms	DESCRIPTION	blazeandcave:monsters/the_phantom_menace	Описание advancement blazeandcave:monsters/the_phantom_menace	
Ride a Skeleton Horse	Ride a Skeleton Horse	DESCRIPTION	blazeandcave:monsters/the_undead_cavalry	Описание advancement blazeandcave:monsters/the_undead_cavalry	
Trampoline	Trampoline	TITLE	blazeandcave:monsters/trampoline	Название advancement blazeandcave:monsters/trampoline	
Trick or Treat!	Trick or Treat!	TITLE	blazeandcave:monsters/trick_or_treat	Название advancement blazeandcave:monsters/trick_or_treat	
Warden Frostbite	Warden Frostbite	TITLE	blazeandcave:monsters/warden_frostbite	Название advancement blazeandcave:monsters/warden_frostbite	
Kill a creeper	Kill a creeper	DESCRIPTION	blazeandcave:monsters/what_a_creep	Описание advancement blazeandcave:monsters/what_a_creep	
Kill a witch	Kill a witch	DESCRIPTION	blazeandcave:monsters/witch	Описание advancement blazeandcave:monsters/witch	
Collect a stack of rotten flesh	Collect a stack of rotten flesh	DESCRIPTION	blazeandcave:monsters/zombie_slayer	Описание advancement blazeandcave:monsters/zombie_slayer	
Collect a stack of blaze rods	Collect a stack of blaze rods	DESCRIPTION	blazeandcave:nether/blaze_extinguisher	Описание advancement blazeandcave:nether/blaze_extinguisher	
Bobbleheads	Bobbleheads	TITLE	blazeandcave:nether/bobbleheads	Название advancement blazeandcave:nether/bobbleheads	
Brute Force	Brute Force	TITLE	blazeandcave:nether/brute_force	Название advancement blazeandcave:nether/brute_force	
Diamonds Are Not Forever	Diamonds Are Not Forever	TITLE	blazeandcave:nether/diamonds_are_not_forever	Название advancement blazeandcave:nether/diamonds_are_not_forever	
Get attacked by Piglin Brutes	Get attacked by Piglin Brutes	DESCRIPTION	blazeandcave:nether/et_tu_brute	Описание advancement blazeandcave:nether/et_tu_brute	
Get a Lode Of This!	Get a Lode Of This!	TITLE	blazeandcave:nether/get_a_lode_of_this	Название advancement blazeandcave:nether/get_a_lode_of_this	
Craft a Lodestone using Chiseled Stone Bricks and a Netherite Ingot	Craft a Lodestone using Chiseled Stone Bricks and a Netherite Ingot	DESCRIPTION	blazeandcave:nether/get_a_lode_of_this	Описание advancement blazeandcave:nether/get_a_lode_of_this	
Collect a stack of ghast tears	Collect a stack of ghast tears	DESCRIPTION	blazeandcave:nether/ghast_slayer	Описание advancement blazeandcave:nether/ghast_slayer	
Shoot down a ghast	Shoot down a ghast	DESCRIPTION	blazeandcave:nether/giant_floating_jellyfish	Описание advancement blazeandcave:nether/giant_floating_jellyfish	
Mine some Gilded Blackstone from a Bastion Remnant	Mine some Gilded Blackstone from a Bastion Remnant	DESCRIPTION	blazeandcave:nether/gilty	Описание advancement blazeandcave:nether/gilty	
Glowstone Miner	Glowstone Miner	TITLE	blazeandcave:nether/glowstone_miner	Название advancement blazeandcave:nether/glowstone_miner	
Hell Botanist	Hell Botanist	TITLE	blazeandcave:nether/hell_botanist	Название advancement blazeandcave:nether/hell_botanist	
Gather a stack of every Nether plant	Gather a stack of every Nether plant	DESCRIPTION	blazeandcave:nether/hell_botanist	Описание advancement blazeandcave:nether/hell_botanist	
Ring a bell in the Nether	Ring a bell in the Nether	DESCRIPTION	blazeandcave:nether/hells_bells	Описание advancement blazeandcave:nether/hells_bells	
High Temperature Fluid Monster	High Temperature Fluid Monster	TITLE	blazeandcave:nether/high_temperature_fluid_monster	Название advancement blazeandcave:nether/high_temperature_fluid_monster	
Kill a magma cube	Kill a magma cube	DESCRIPTION	blazeandcave:nether/high_temperature_fluid_monster	Описание advancement blazeandcave:nether/high_temperature_fluid_monster	
Reel in a Strider using a Fishing Rod	Reel in a Strider using a Fishing Rod	DESCRIPTION	blazeandcave:nether/hot_reels	Описание advancement blazeandcave:nether/hot_reels	
Let Me Out!	Let Me Out!	TITLE	blazeandcave:nether/let_me_out	Название advancement blazeandcave:nether/let_me_out	
Magma Cube Squisher	Magma Cube Squisher	TITLE	blazeandcave:nether/magma_cube_squisher	Название advancement blazeandcave:nether/magma_cube_squisher	
Collect a stack of magma cream	Collect a stack of magma cream	DESCRIPTION	blazeandcave:nether/magma_cube_squisher	Описание advancement blazeandcave:nether/magma_cube_squisher	
Master Netherite Miner	Master Netherite Miner	TITLE	blazeandcave:nether/master_netherite_miner	Название advancement blazeandcave:nether/master_netherite_miner	
Netherite Mad Lad	Netherite Mad Lad	TITLE	blazeandcave:nether/netherite_mad_lad	Название advancement blazeandcave:nether/netherite_mad_lad	
Netherite Miner	Netherite Miner	TITLE	blazeandcave:nether/netherite_miner	Название advancement blazeandcave:nether/netherite_miner	
You have unlocked the root of the Nether tab	You have unlocked the root of the Nether tab	MESSAGE	blazeandcave:nether/root	Сообщение разблокировки вкладки для blazeandcave:nether/root	
Seeing Stars	Seeing Stars	TITLE	blazeandcave:nether/seeing_stars	Название advancement blazeandcave:nether/seeing_stars	
Kill a wither skeleton	Kill a wither skeleton	DESCRIPTION	blazeandcave:nether/the_hunt_begins	Описание advancement blazeandcave:nether/the_hunt_begins	
Kill a zombie pigman	Kill a zombie pigman	DESCRIPTION	blazeandcave:nether/the_tribal_snouts	Описание advancement blazeandcave:nether/the_tribal_snouts	
How Did We Get Here?	How Did We Get Here?	TITLE	minecraft:nether/all_effects	Название advancement minecraft:nether/all_effects	
Have every effect applied at the same time	Have every effect applied at the same time	DESCRIPTION	minecraft:nether/all_effects	Описание advancement minecraft:nether/all_effects	
A Furious Cocktail	A Furious Cocktail	TITLE	minecraft:nether/all_potions	Название advancement minecraft:nether/all_potions	
Have every potion effect applied at the same time	Have every potion effect applied at the same time	DESCRIPTION	minecraft:nether/all_potions	Описание advancement minecraft:nether/all_potions	
Local Brewery	Local Brewery	TITLE	minecraft:nether/brew_potion	Название advancement minecraft:nether/brew_potion	
Not Quite 'Nine' Lives	Not Quite 'Nine' Lives	TITLE	minecraft:nether/charge_respawn_anchor	Название advancement minecraft:nether/charge_respawn_anchor	
Charge a Respawn Anchor to the maximum	Charge a Respawn Anchor to the maximum	DESCRIPTION	minecraft:nether/charge_respawn_anchor	Описание advancement minecraft:nether/charge_respawn_anchor	
Bring Home the Beacon	Bring Home the Beacon	TITLE	minecraft:nether/create_beacon	Название advancement minecraft:nether/create_beacon	
Beaconator	Beaconator	TITLE	minecraft:nether/create_full_beacon	Название advancement minecraft:nether/create_full_beacon	
Bring a beacon to full power	Bring a beacon to full power	DESCRIPTION	minecraft:nether/create_full_beacon	Описание advancement minecraft:nether/create_full_beacon	
Oh, Shiny!	Oh, Shiny!	TITLE	minecraft:nether/distract_piglin	Название advancement minecraft:nether/distract_piglin	
Distract Piglins with gold	Distract Piglins with gold	DESCRIPTION	minecraft:nether/distract_piglin	Описание advancement minecraft:nether/distract_piglin	
Hot Tourist Destination	Hot Tourist Destination	TITLE	minecraft:nether/explore_nether	Название advancement minecraft:nether/explore_nether	
Subspace Bubble	Subspace Bubble	TITLE	minecraft:nether/fast_travel	Название advancement minecraft:nether/fast_travel	
Those Were the Days	Those Were the Days	TITLE	minecraft:nether/find_bastion	Название advancement minecraft:nether/find_bastion	
Fight your way into a Bastion Remnant	Fight your way into a Bastion Remnant	DESCRIPTION	minecraft:nether/find_bastion	Описание advancement minecraft:nether/find_bastion	
A Terrible Fortress	A Terrible Fortress	TITLE	minecraft:nether/find_fortress	Название advancement minecraft:nether/find_fortress	
Spooky Scary Skeleton	Spooky Scary Skeleton	TITLE	minecraft:nether/get_wither_skull	Название advancement minecraft:nether/get_wither_skull	
War Pigs	War Pigs	TITLE	minecraft:nether/loot_bastion	Название advancement minecraft:nether/loot_bastion	
Loot a chest in a Bastion Remnant	Loot a chest in a Bastion Remnant	DESCRIPTION	minecraft:nether/loot_bastion	Описание advancement minecraft:nether/loot_bastion	
A Knight to Nether Forget	A Knight to Nether Forget	TITLE	minecraft:nether/netherite_armor	Название advancement minecraft:nether/netherite_armor	
Into Fire	Into Fire	TITLE	minecraft:nether/obtain_blaze_rod	Название advancement minecraft:nether/obtain_blaze_rod	
Relieve a Blaze of its rod	Relieve a Blaze of its rod	DESCRIPTION	minecraft:nether/obtain_blaze_rod	Описание advancement minecraft:nether/obtain_blaze_rod	
Who is Cutting Onions?	Who is Cutting Onions?	TITLE	minecraft:nether/obtain_crying_obsidian	Название advancement minecraft:nether/obtain_crying_obsidian	
Return to Sender	Return to Sender	TITLE	minecraft:nether/return_to_sender	Название advancement minecraft:nether/return_to_sender	
Destroy a Ghast with its fireball	Destroy a Ghast with its fireball	DESCRIPTION	minecraft:nether/return_to_sender	Описание advancement minecraft:nether/return_to_sender	
This Boat Has Legs	This Boat Has Legs	TITLE	minecraft:nether/ride_strider	Название advancement minecraft:nether/ride_strider	
Feels Like Home	Feels Like Home	TITLE	minecraft:nether/ride_strider_in_overworld_lava	Название advancement minecraft:nether/ride_strider_in_overworld_lava	
Nether	Nether	TAB	minecraft:nether/root	Название вкладки/категории для minecraft:nether/root	
Bring summer clothes	Bring summer clothes	DESCRIPTION	minecraft:nether/root	Описание advancement minecraft:nether/root	
Withering Heights	Withering Heights	TITLE	minecraft:nether/summon_wither	Название advancement minecraft:nether/summon_wither	
Summon the Wither	Summon the Wither	DESCRIPTION	minecraft:nether/summon_wither	Описание advancement minecraft:nether/summon_wither	
Uneasy Alliance	Uneasy Alliance	TITLE	minecraft:nether/uneasy_alliance	Название advancement minecraft:nether/uneasy_alliance	
Country Lode, Take Me Home	Country Lode, Take Me Home	TITLE	minecraft:nether/use_lodestone	Название advancement minecraft:nether/use_lodestone	
Use a Compass on a Lodestone	Use a Compass on a Lodestone	DESCRIPTION	minecraft:nether/use_lodestone	Описание advancement minecraft:nether/use_lodestone	
Brew a mundane and thick potion	Brew a mundane and thick potion	DESCRIPTION	blazeandcave:potion/failed_concoctions	Описание advancement blazeandcave:potion/failed_concoctions	
Nocturnal	Nocturnal	TITLE	blazeandcave:potion/nocturnal	Название advancement blazeandcave:potion/nocturnal	
Potions	Potions	TAB	blazeandcave:potion/root	Название вкладки/категории для blazeandcave:potion/root	
You have unlocked the root of the Potions tab	You have unlocked the root of the Potions tab	MESSAGE	blazeandcave:potion/root	Сообщение разблокировки вкладки для blazeandcave:potion/root	
Bling Plate	Bling Plate	TITLE	blazeandcave:redstone/bling_plate	Название advancement blazeandcave:redstone/bling_plate	
Click!	Click!	TITLE	blazeandcave:redstone/click	Название advancement blazeandcave:redstone/click	
Place and push a button	Place and push a button	DESCRIPTION	blazeandcave:redstone/click	Описание advancement blazeandcave:redstone/click	
Metal Plate	Metal Plate	TITLE	blazeandcave:redstone/metal_plate	Название advancement blazeandcave:redstone/metal_plate	
Monstrous Sacrifices	Monstrous Sacrifices	TITLE	blazeandcave:redstone/monstrous_sacrifices	Название advancement blazeandcave:redstone/monstrous_sacrifices	
Mozart	Mozart	TITLE	blazeandcave:redstone/mozart	Название advancement blazeandcave:redstone/mozart	
Railwayman	Railwayman	TITLE	blazeandcave:redstone/railwayman	Название advancement blazeandcave:redstone/railwayman	
Repeating Repeater	Repeating Repeater	TITLE	blazeandcave:redstone/repeating_repeater	Название advancement blazeandcave:redstone/repeating_repeater	
Redstone	Redstone	TAB	blazeandcave:redstone/root	Название вкладки/категории для blazeandcave:redstone/root	
You have unlocked the root of the Redstone tab	You have unlocked the root of the Redstone tab	MESSAGE	blazeandcave:redstone/root	Сообщение разблокировки вкладки для blazeandcave:redstone/root	
Sculker Box	Sculker Box	TITLE	blazeandcave:redstone/sculker_box	Название advancement blazeandcave:redstone/sculker_box	
Hold a Shulker Box that is completely filled with Sculk	Hold a Shulker Box that is completely filled with Sculk	DESCRIPTION	blazeandcave:redstone/sculker_box	Описание advancement blazeandcave:redstone/sculker_box	
Obtain a Sculk Sensor	Obtain a Sculk Sensor	MESSAGE	blazeandcave:redstone/vibe_check	Видимое BACAP reward/chat сообщение для blazeandcave:redstone/vibe_check; используется в 2 местах	
We Have Liftoff!	We Have Liftoff!	TITLE	blazeandcave:redstone/we_have_liftoff	Название advancement blazeandcave:redstone/we_have_liftoff	
hours of walking	hours of walking	TITLE	blazeandcave:statistics/65_hours_of_walking	Название advancement blazeandcave:statistics/65_hours_of_walking	
%1$s has found the hidden advancement %2$s%3$s%4$s%5$s%6$s	%1$s has found the hidden advancement %2$s%3$s%4$s%5$s%6$s	MESSAGE	blazeandcave:statistics/65_hours_of_walking	Видимое BACAP reward/chat сообщение для blazeandcave:statistics/65_hours_of_walking; используется в 2 местах	
Sneak 10km	Sneak 10km	DESCRIPTION	blazeandcave:statistics/ancient_kung_fu_master	Описание advancement blazeandcave:statistics/ancient_kung_fu_master	
Trade with villagers 500 times	Trade with villagers 500 times	DESCRIPTION	blazeandcave:statistics/big_spender	Описание advancement blazeandcave:statistics/big_spender	
Sneak 1km	Sneak 1km	DESCRIPTION	blazeandcave:statistics/black_belt_ninja	Описание advancement blazeandcave:statistics/black_belt_ninja	
Cupid	Cupid	TITLE	blazeandcave:statistics/cupid	Название advancement blazeandcave:statistics/cupid	
Elderly Enchanter	Elderly Enchanter	TITLE	blazeandcave:statistics/elderly_enchanter	Название advancement blazeandcave:statistics/elderly_enchanter	
Giga XP Grinder	Giga XP Grinder	TITLE	blazeandcave:statistics/giga_xp_grinder	Название advancement blazeandcave:statistics/giga_xp_grinder	
Ride 50km in a minecart	Ride 50km in a minecart	DESCRIPTION	blazeandcave:statistics/global_railway_network	Описание advancement blazeandcave:statistics/global_railway_network	
Ride 1km on a horse	Ride 1km on a horse	DESCRIPTION	blazeandcave:statistics/horse_training	Описание advancement blazeandcave:statistics/horse_training	
Walk 250km	Walk 250km	DESCRIPTION	blazeandcave:statistics/i_enjoy_long_walks_and_playing_minecraft	Описание advancement blazeandcave:statistics/i_enjoy_long_walks_and_playing_minecraft	
Ride 10km in a minecart	Ride 10km in a minecart	DESCRIPTION	blazeandcave:statistics/i_like_trains	Описание advancement blazeandcave:statistics/i_like_trains	
Journeyman Enchanter	Journeyman Enchanter	TITLE	blazeandcave:statistics/journeyman_enchanter	Название advancement blazeandcave:statistics/journeyman_enchanter	
Jumping Jacks	Jumping Jacks	TITLE	blazeandcave:statistics/jumping_jacks	Название advancement blazeandcave:statistics/jumping_jacks	
Laps in the pool	Laps in the pool	TITLE	blazeandcave:statistics/laps_in_the_pool	Название advancement blazeandcave:statistics/laps_in_the_pool	
Swim 1km	Swim 1km	DESCRIPTION	blazeandcave:statistics/laps_in_the_pool	Описание advancement blazeandcave:statistics/laps_in_the_pool	
Level Up	Level Up	TITLE	blazeandcave:statistics/level_up	Название advancement blazeandcave:statistics/level_up	
Ride 10km on a pig	Ride 10km on a pig	DESCRIPTION	blazeandcave:statistics/lightning_mcpig	Описание advancement blazeandcave:statistics/lightning_mcpig	
Sail 1km in a boat	Sail 1km in a boat	DESCRIPTION	blazeandcave:statistics/luxury_cruise	Описание advancement blazeandcave:statistics/luxury_cruise	
Marathon	Marathon	TITLE	blazeandcave:statistics/marathon	Название advancement blazeandcave:statistics/marathon	
Ride 1km in a minecart	Ride 1km in a minecart	DESCRIPTION	blazeandcave:statistics/minecart_rider	Описание advancement blazeandcave:statistics/minecart_rider	
Defeat 250 mobs	Defeat 250 mobs	DESCRIPTION	blazeandcave:statistics/mob_hunter	Описание advancement blazeandcave:statistics/mob_hunter	
More For Me	More For Me	TITLE	blazeandcave:statistics/more_for_me	Название advancement blazeandcave:statistics/more_for_me	
Sprint 10km	Sprint 10km	DESCRIPTION	blazeandcave:statistics/natural_sprinter	Описание advancement blazeandcave:statistics/natural_sprinter	
Swim 10km	Swim 10km	DESCRIPTION	blazeandcave:statistics/olympic_athlete	Описание advancement blazeandcave:statistics/olympic_athlete	
Olympic Gold Medallist	Olympic Gold Medallist	TITLE	blazeandcave:statistics/olympic_gold_medallist	Название advancement blazeandcave:statistics/olympic_gold_medallist	
Swim 50km	Swim 50km	DESCRIPTION	blazeandcave:statistics/olympic_gold_medallist	Описание advancement blazeandcave:statistics/olympic_gold_medallist	
Walk 10km	Walk 10km	DESCRIPTION	blazeandcave:statistics/out_for_a_stroll	Описание advancement blazeandcave:statistics/out_for_a_stroll	
Overlevelling	Overlevelling	TITLE	blazeandcave:statistics/overlevelling	Название advancement blazeandcave:statistics/overlevelling	
Sail 10km in a boat	Sail 10km in a boat	DESCRIPTION	blazeandcave:statistics/pirate_captain	Описание advancement blazeandcave:statistics/pirate_captain	
Statistics	Statistics	TAB	blazeandcave:statistics/root	Название вкладки/категории для blazeandcave:statistics/root	
You have unlocked the root of the Statistics tab	You have unlocked the root of the Statistics tab	MESSAGE	blazeandcave:statistics/root	Сообщение разблокировки вкладки для blazeandcave:statistics/root	
Sail 50km in a boat	Sail 50km in a boat	DESCRIPTION	blazeandcave:statistics/sailor_of_the_seven_seas	Описание advancement blazeandcave:statistics/sailor_of_the_seven_seas	
Ride 50km on a horse	Ride 50km on a horse	DESCRIPTION	blazeandcave:statistics/scourge_of_the_west	Описание advancement blazeandcave:statistics/scourge_of_the_west	
Ride 10km on a horse	Ride 10km on a horse	DESCRIPTION	blazeandcave:statistics/sheriff_firearm	Описание advancement blazeandcave:statistics/sheriff_firearm	
Ride 1km on a pig	Ride 1km on a pig	DESCRIPTION	blazeandcave:statistics/snout_500	Описание advancement blazeandcave:statistics/snout_500	
Fly 100km with elytra	Fly 100km with elytra	DESCRIPTION	blazeandcave:statistics/supersonic	Описание advancement blazeandcave:statistics/supersonic	
Fly 10km with elytra	Fly 10km with elytra	DESCRIPTION	blazeandcave:statistics/take_to_the_skies	Описание advancement blazeandcave:statistics/take_to_the_skies	
Trade with villagers 100 times	Trade with villagers 100 times	DESCRIPTION	blazeandcave:statistics/the_haggler	Описание advancement blazeandcave:statistics/the_haggler	
Walk 50km	Walk 50km	DESCRIPTION	blazeandcave:statistics/who_needs_cars	Описание advancement blazeandcave:statistics/who_needs_cars	
XP Grinder	XP Grinder	TITLE	blazeandcave:statistics/xp_grinder	Название advancement blazeandcave:statistics/xp_grinder	
Sprint 250km	Sprint 250km	DESCRIPTION	blazeandcave:statistics/your_legs_must_be_tired	Описание advancement blazeandcave:statistics/your_legs_must_be_tired	
Expelliarmus!	Expelliarmus!	TITLE	blazeandcave:weaponry/expelliarmus	Название advancement blazeandcave:weaponry/expelliarmus	
Load your crossbow with a firework	Load your crossbow with a firework	DESCRIPTION	blazeandcave:weaponry/explosive_fire	Описание advancement blazeandcave:weaponry/explosive_fire	
Inspector Gadget	Inspector Gadget	TITLE	blazeandcave:weaponry/inspector_gadget	Название advancement blazeandcave:weaponry/inspector_gadget	
Loser!	Loser!	TITLE	blazeandcave:weaponry/loser	Название advancement blazeandcave:weaponry/loser	
Multiclassed	Multiclassed	TITLE	blazeandcave:weaponry/multiclassed	Название advancement blazeandcave:weaponry/multiclassed	
Pull a pig using a fishing rod	Pull a pig using a fishing rod	DESCRIPTION	blazeandcave:weaponry/pig_fishing_tournament	Описание advancement blazeandcave:weaponry/pig_fishing_tournament	
Poseidon vs. Hades	Poseidon vs. Hades	TITLE	blazeandcave:weaponry/poseidon_vs_hades	Название advancement blazeandcave:weaponry/poseidon_vs_hades	
Pyrotechnic	Pyrotechnic	TITLE	blazeandcave:weaponry/pyrotechnic	Название advancement blazeandcave:weaponry/pyrotechnic	
Rock, Paper, Shears!	Rock, Paper, Shears!	TITLE	blazeandcave:weaponry/rock_paper_shears	Название advancement blazeandcave:weaponry/rock_paper_shears	
Beat a zombie at rock, paper, shears	Beat a zombie at rock, paper, shears	DESCRIPTION	blazeandcave:weaponry/rock_paper_shears	Описание advancement blazeandcave:weaponry/rock_paper_shears	
Weaponry	Weaponry	TAB	blazeandcave:weaponry/root	Название вкладки/категории для blazeandcave:weaponry/root	
You have unlocked the root of the Weaponry tab	You have unlocked the root of the Weaponry tab	MESSAGE	blazeandcave:weaponry/root	Сообщение разблокировки вкладки для blazeandcave:weaponry/root	
Shovel Knight	Shovel Knight	TITLE	blazeandcave:weaponry/shovel_knight	Название advancement blazeandcave:weaponry/shovel_knight	
Slapfish	Slapfish	TITLE	blazeandcave:weaponry/slapfish	Название advancement blazeandcave:weaponry/slapfish	
Advancement Legend	Advancement Legend	TITLE	blazeandcave:bacap/advancement_legend	Название advancement blazeandcave:bacap/advancement_legend	
%1$s has completed every advancement in BlazeandCave's Advancements Pack, earning them the coveted title of %2$s%3$s%4$s	%1$s has completed every advancement in BlazeandCave's Advancements Pack, earning them the coveted title of %2$s%3$s%4$s	MESSAGE	blazeandcave:bacap/advancement_legend	Видимое BACAP reward/chat сообщение для blazeandcave:bacap/advancement_legend; используется в 2 местах	
%1$s has completed every advancement in %2$s tab, earning them the advancement %3$s%4$s%5$s	%1$s has completed every advancement in %2$s tab, earning them the advancement %3$s%4$s%5$s	MESSAGE	blazeandcave:bacap/end_milestone	Видимое BACAP reward/chat сообщение для blazeandcave:bacap/end_milestone; используется в 2 местах	
BlazeandCave's Advancements Pack	BlazeandCave's Advancements Pack	TAB	blazeandcave:bacap/root	Название вкладки/категории для blazeandcave:bacap/root	
Thank you to all of my Patrons!	Thank you to all of my Patrons!	DESCRIPTION	blazeandcave:bacap/root	Описание advancement blazeandcave:bacap/root	
%1$s has completed every advancement in the %2$s tab, earning them the advancement %3$s%4$s%5$s	%1$s has completed every advancement in the %2$s tab, earning them the advancement %3$s%4$s%5$s	MESSAGE		Видимое BACAP reward/chat сообщение для blazeandcave:bacap/adventure_milestone; используется в 28 местах	
BlazeandCave's Advancements	BlazeandCave's Advancements	MESSAGE		Видимое BACAP reward/chat сообщение для blazeandcave:bacap/advancement_legend; используется в 46 местах	
days.	days.	MESSAGE	blazeandcave:apple_a_day_trigger.mcfunction/apple_a_day_trigger	Видимое BACAP сообщение из bacap.zip:data/blazeandcave/function/apple_a_day_trigger.mcfunction	
If you have just slept, and it says you have eaten an apple when you actually haven't yet, try running this trigger again in 10 seconds.	If you have just slept, and it says you have eaten an apple when you actually haven't yet, try running this trigger again in 10 seconds.	MESSAGE	blazeandcave:apple_a_day_trigger.mcfunction/apple_a_day_trigger	Видимое BACAP сообщение из bacap.zip:data/blazeandcave/function/apple_a_day_trigger.mcfunction	
You have eaten an apple every day for	You have eaten an apple every day for	MESSAGE	blazeandcave:apple_a_day_trigger.mcfunction/apple_a_day_trigger	Видимое BACAP сообщение из bacap.zip:data/blazeandcave/function/apple_a_day_trigger.mcfunction	
You have eaten an apple today.	You have eaten an apple today.	MESSAGE	blazeandcave:apple_a_day_trigger.mcfunction/apple_a_day_trigger	Видимое BACAP сообщение из bacap.zip:data/blazeandcave/function/apple_a_day_trigger.mcfunction	
You have not eaten an apple today.	You have not eaten an apple today.	MESSAGE	blazeandcave:apple_a_day_trigger.mcfunction/apple_a_day_trigger	Видимое BACAP сообщение из bacap.zip:data/blazeandcave/function/apple_a_day_trigger.mcfunction	
Cooperative Mode makes it so that whenever a player gets an advancement, that advancement will be shared across all players.	Cooperative Mode makes it so that whenever a player gets an advancement, that advancement will be shared across all players.	MESSAGE	blazeandcave:config/coop_ru_sure	Видимое BACAP сообщение из bacap.zip:data/blazeandcave/function/config/coop_ru_sure.mcfunction	
Everyone's currently-obtained advancements will be shared between all players immediately when turning this setting on.	Everyone's currently-obtained advancements will be shared between all players immediately when turning this setting on.	MESSAGE	blazeandcave:config/coop_ru_sure	Видимое BACAP сообщение из bacap.zip:data/blazeandcave/function/config/coop_ru_sure.mcfunction	
Everyone's currently-obtained advancements will be shared between all players on their team immediately when turning this setting on.	Everyone's currently-obtained advancements will be shared between all players on their team immediately when turning this setting on.	MESSAGE	blazeandcave:config/coop_ru_sure_team	Видимое BACAP сообщение из bacap.zip:data/blazeandcave/function/config/coop_ru_sure_team.mcfunction	
Team Cooperative Mode makes it so that whenever a player gets an advancement, that advancement will be shared across all players on a team.	Team Cooperative Mode makes it so that whenever a player gets an advancement, that advancement will be shared across all players on a team.	MESSAGE	blazeandcave:config/coop_ru_sure_team	Видимое BACAP сообщение из bacap.zip:data/blazeandcave/function/config/coop_ru_sure_team.mcfunction	
It can be downloaded here:	It can be downloaded here:	MESSAGE	blazeandcave:config/help_faq_advinfo	Видимое BACAP сообщение из bacap.zip:data/blazeandcave/function/config/help_faq_advinfo.mcfunction	
It is extremely useful, especially for Super Challenges with many requirements such as 'All the Blocks'.	It is extremely useful, especially for Super Challenges with many requirements such as 'All the Blocks'.	MESSAGE	blazeandcave:config/help_faq_advinfo	Видимое BACAP сообщение из bacap.zip:data/blazeandcave/function/config/help_faq_advinfo.mcfunction	
The mod in question is named Advancement Info, which displays the requirements that have been completed on each advancement.	The mod in question is named Advancement Info, which displays the requirements that have been completed on each advancement.	MESSAGE	blazeandcave:config/help_faq_advinfo	Видимое BACAP сообщение из bacap.zip:data/blazeandcave/function/config/help_faq_advinfo.mcfunction	
Instead, it is a resource pack, and it is installed just like any other resource pack.	Instead, it is a resource pack, and it is installed just like any other resource pack.	MESSAGE	blazeandcave:config/help_faq_language_install	Видимое BACAP сообщение из bacap.zip:data/blazeandcave/function/config/help_faq_language_install.mcfunction	
Once you do this, the custom advancements will appear in whatever language you have selected if this language is supported.	Once you do this, the custom advancements will appear in whatever language you have selected if this language is supported.	MESSAGE	blazeandcave:config/help_faq_language_install	Видимое BACAP сообщение из bacap.zip:data/blazeandcave/function/config/help_faq_language_install.mcfunction	
Place it into your resourcepacks folder, then select it in the resource pack menu.	Place it into your resourcepacks folder, then select it in the resource pack menu.	MESSAGE	blazeandcave:config/help_faq_language_install	Видимое BACAP сообщение из bacap.zip:data/blazeandcave/function/config/help_faq_language_install.mcfunction	
The Language Pack is NOT a datapack and is not installed in the same way.	The Language Pack is NOT a datapack and is not installed in the same way.	MESSAGE	blazeandcave:config/help_faq_language_install	Видимое BACAP сообщение из bacap.zip:data/blazeandcave/function/config/help_faq_language_install.mcfunction	
Download the Language Pack, unzip it, then locate the file named base_language_file.json	Download the Language Pack, unzip it, then locate the file named base_language_file.json	MESSAGE	blazeandcave:config/help_faq_language_translate	Видимое BACAP сообщение из bacap.zip:data/blazeandcave/function/config/help_faq_language_translate.mcfunction	
Follow the instructions within in order to translate your language.	Follow the instructions within in order to translate your language.	MESSAGE	blazeandcave:config/help_faq_language_translate	Видимое BACAP сообщение из bacap.zip:data/blazeandcave/function/config/help_faq_language_translate.mcfunction	
If you finish translating a new language, you can send it to the creator (Cavinator1) on Planet Minecraft or Discord and it may get added in a future update!	If you finish translating a new language, you can send it to the creator (Cavinator1) on Planet Minecraft or Discord and it may get added in a future update!	MESSAGE	blazeandcave:config/help_faq_language_translate	Видимое BACAP сообщение из bacap.zip:data/blazeandcave/function/config/help_faq_language_translate.mcfunction	
You will be credited for your contributions to translation.	You will be credited for your contributions to translation.	MESSAGE	blazeandcave:config/help_faq_language_translate	Видимое BACAP сообщение из bacap.zip:data/blazeandcave/function/config/help_faq_language_translate.mcfunction	
A tab will not show up if you haven't gained any advancements in that tab yet.	A tab will not show up if you haven't gained any advancements in that tab yet.	MESSAGE	blazeandcave:config/help_faq_not_all_tabs_visible	Видимое BACAP сообщение из bacap.zip:data/blazeandcave/function/config/help_faq_not_all_tabs_visible.mcfunction	
Most root advancements are easy to obtain, but some are further along in progression.	Most root advancements are easy to obtain, but some are further along in progression.	MESSAGE	blazeandcave:config/help_faq_not_all_tabs_visible	Видимое BACAP сообщение из bacap.zip:data/blazeandcave/function/config/help_faq_not_all_tabs_visible.mcfunction	
Notably, the Super Challenges tab is not unlocked until after defeating the Ender Dragon.	Notably, the Super Challenges tab is not unlocked until after defeating the Ender Dragon.	MESSAGE	blazeandcave:config/help_faq_not_all_tabs_visible	Видимое BACAP сообщение из bacap.zip:data/blazeandcave/function/config/help_faq_not_all_tabs_visible.mcfunction	
A spreadsheet detailing every trophy in the datapack.	A spreadsheet detailing every trophy in the datapack.	MESSAGE	blazeandcave:config/help_links	Видимое BACAP сообщение из bacap.zip:data/blazeandcave/function/config/help_links.mcfunction	
Advancements Docmentation	Advancements Docmentation	MESSAGE	blazeandcave:config/help_links	Видимое BACAP сообщение из bacap.zip:data/blazeandcave/function/config/help_links.mcfunction	
Hardcore Version	Hardcore Version	MESSAGE	blazeandcave:config/help_links	Видимое BACAP сообщение из bacap.zip:data/blazeandcave/function/config/help_links.mcfunction	
Language Pack	Language Pack	MESSAGE	blazeandcave:config/help_links	Видимое BACAP сообщение из bacap.zip:data/blazeandcave/function/config/help_links.mcfunction	
List of Trophies	List of Trophies	MESSAGE	blazeandcave:config/help_links	Видимое BACAP сообщение из bacap.zip:data/blazeandcave/function/config/help_links.mcfunction	
Patreon	Patreon	MESSAGE	blazeandcave:config/help_links	Видимое BACAP сообщение из bacap.zip:data/blazeandcave/function/config/help_links.mcfunction	
Terralith Version	Terralith Version	MESSAGE	blazeandcave:config/help_links	Видимое BACAP сообщение из bacap.zip:data/blazeandcave/function/config/help_links.mcfunction	
The Advancements Docmentation is a spreadsheet detailing every advancement in the datapack.	The Advancements Docmentation is a spreadsheet detailing every advancement in the datapack.	MESSAGE	blazeandcave:config/help_links	Видимое BACAP сообщение из bacap.zip:data/blazeandcave/function/config/help_links.mcfunction	
The Hardcore Version is an add-on datapack that makes the datapack possible to complete in Hardcore Mode.	The Hardcore Version is an add-on datapack that makes the datapack possible to complete in Hardcore Mode.	MESSAGE	blazeandcave:config/help_links	Видимое BACAP сообщение из bacap.zip:data/blazeandcave/function/config/help_links.mcfunction	
The Language Pack is a resource pack that translates all advancements and trophies into other languages.	The Language Pack is a resource pack that translates all advancements and trophies into other languages.	MESSAGE	blazeandcave:config/help_links	Видимое BACAP сообщение из bacap.zip:data/blazeandcave/function/config/help_links.mcfunction	
The Terralith Version is an add-on datapack that adds advancements for the Terralith datapack by Starmute.	The Terralith Version is an add-on datapack that adds advancements for the Terralith datapack by Starmute.	MESSAGE	blazeandcave:config/help_links	Видимое BACAP сообщение из bacap.zip:data/blazeandcave/function/config/help_links.mcfunction	
Full documentation on how to use the Config Menu	Full documentation on how to use the Config Menu	MESSAGE	blazeandcave:config/help_menu	Видимое BACAP сообщение из bacap.zip:data/blazeandcave/function/config/help_menu.mcfunction	
Help Menu	Help Menu	MESSAGE	blazeandcave:config/help_menu	Видимое BACAP сообщение из bacap.zip:data/blazeandcave/function/config/help_menu.mcfunction	
1) Make a backup of your world for safety if you mess anything up	1) Make a backup of your world for safety if you mess anything up	MESSAGE	blazeandcave:config/help_new_version_update	Видимое BACAP сообщение из bacap.zip:data/blazeandcave/function/config/help_new_version_update.mcfunction	
2) Leave your world for more safety and don't go in during the process	2) Leave your world for more safety and don't go in during the process	MESSAGE	blazeandcave:config/help_new_version_update	Видимое BACAP сообщение из bacap.zip:data/blazeandcave/function/config/help_new_version_update.mcfunction	
3) Delete the old datapacks COMPLETELY from your world	3) Delete the old datapacks COMPLETELY from your world	MESSAGE	blazeandcave:config/help_new_version_update	Видимое BACAP сообщение из bacap.zip:data/blazeandcave/function/config/help_new_version_update.mcfunction	
4) Copy and paste in the new updated datapacks	4) Copy and paste in the new updated datapacks	MESSAGE	blazeandcave:config/help_new_version_update	Видимое BACAP сообщение из bacap.zip:data/blazeandcave/function/config/help_new_version_update.mcfunction	
5) Go into your world. If the new datapacks are for a newer version of Minecraft make sure you are now using that version	5) Go into your world. If the new datapacks are for a newer version of Minecraft make sure you are now using that version	MESSAGE	blazeandcave:config/help_new_version_update	Видимое BACAP сообщение из bacap.zip:data/blazeandcave/function/config/help_new_version_update.mcfunction	
6) If you messed up, go to your backup, make a backup of your backup, then repeat steps 2-6 on the backup	6) If you messed up, go to your backup, make a backup of your backup, then repeat steps 2-6 on the backup	MESSAGE	blazeandcave:config/help_new_version_update	Видимое BACAP сообщение из bacap.zip:data/blazeandcave/function/config/help_new_version_update.mcfunction	
/team join bac_team_<color> <player>	/team join bac_team_<color> <player>	MESSAGE	blazeandcave:config/help_teams	Видимое BACAP сообщение из bacap.zip:data/blazeandcave/function/config/help_teams.mcfunction	
For Team Cooperative Mode and team-based scoreboards to work properly, players MUST be added to these teams using the following command:	For Team Cooperative Mode and team-based scoreboards to work properly, players MUST be added to these teams using the following command:	MESSAGE	blazeandcave:config/help_teams	Видимое BACAP сообщение из bacap.zip:data/blazeandcave/function/config/help_teams.mcfunction	
This datapack adds 16 teams, one of each colour, that this datapack can work with.	This datapack adds 16 teams, one of each colour, that this datapack can work with.	MESSAGE	blazeandcave:config/help_teams	Видимое BACAP сообщение из bacap.zip:data/blazeandcave/function/config/help_teams.mcfunction	
You may freely change the team's display name, prefix and suffix using their respective commands as well	You may freely change the team's display name, prefix and suffix using their respective commands as well	MESSAGE	blazeandcave:config/help_teams	Видимое BACAP сообщение из bacap.zip:data/blazeandcave/function/config/help_teams.mcfunction	
If certain aspects of this datapack are not working properly (e.g. Advancements are granted automatically when they shouldn't), make sure you are using the correct version of the datapack for the Minecraft version you are running.	If certain aspects of this datapack are not working properly (e.g. Advancements are granted automatically when they shouldn't), make sure you are using the correct version of the datapack for the Minecraft version you are running.	MESSAGE	blazeandcave:config/help_troubleshooting	Видимое BACAP сообщение из bacap.zip:data/blazeandcave/function/config/help_troubleshooting.mcfunction	
In addition, some advancements may break on Spigot or Paper servers.	In addition, some advancements may break on Spigot or Paper servers.	MESSAGE	blazeandcave:config/help_troubleshooting	Видимое BACAP сообщение из bacap.zip:data/blazeandcave/function/config/help_troubleshooting.mcfunction	
Click to view preset options	Click to view preset options	MESSAGE	blazeandcave:config/msg_settings	Видимое BACAP сообщение из bacap.zip:data/blazeandcave/function/config/msg_settings.mcfunction	
Click to set	Click to set	MESSAGE	blazeandcave:config/msg_settings_presets	Видимое BACAP сообщение из bacap.zip:data/blazeandcave/function/config/msg_settings_presets.mcfunction	
Message Presets	Message Presets	MESSAGE	blazeandcave:config/msg_settings_presets	Видимое BACAP сообщение из bacap.zip:data/blazeandcave/function/config/msg_settings_presets.mcfunction	
Set all messages to first-player only (recommended and default for Cooperative Mode)	Set all messages to first-player only (recommended and default for Cooperative Mode)	MESSAGE	blazeandcave:config/msg_settings_presets	Видимое BACAP сообщение из bacap.zip:data/blazeandcave/function/config/msg_settings_presets.mcfunction	
Set all messages to first-player-on-team only (recommended and default for Team Cooperative Mode)	Set all messages to first-player-on-team only (recommended and default for Team Cooperative Mode)	MESSAGE	blazeandcave:config/msg_settings_presets	Видимое BACAP сообщение из bacap.zip:data/blazeandcave/function/config/msg_settings_presets.mcfunction	
Turn all messages off	Turn all messages off	MESSAGE	blazeandcave:config/msg_settings_presets	Видимое BACAP сообщение из bacap.zip:data/blazeandcave/function/config/msg_settings_presets.mcfunction	
Turn all messages on	Turn all messages on	MESSAGE	blazeandcave:config/msg_settings_presets	Видимое BACAP сообщение из bacap.zip:data/blazeandcave/function/config/msg_settings_presets.mcfunction	
Turn all on except tasks (recommended for large servers)	Turn all on except tasks (recommended for large servers)	MESSAGE	blazeandcave:config/msg_settings_presets	Видимое BACAP сообщение из bacap.zip:data/blazeandcave/function/config/msg_settings_presets.mcfunction	
Turn all on except tasks and goals	Turn all on except tasks and goals	MESSAGE	blazeandcave:config/msg_settings_presets	Видимое BACAP сообщение из bacap.zip:data/blazeandcave/function/config/msg_settings_presets.mcfunction	
Turn vanilla messages on (recommended for servers that use plugins that draw from them such as DiscordSRV)	Turn vanilla messages on (recommended for servers that use plugins that draw from them such as DiscordSRV)	MESSAGE	blazeandcave:config/msg_settings_presets	Видимое BACAP сообщение из bacap.zip:data/blazeandcave/function/config/msg_settings_presets.mcfunction	
Advancements:	Advancements:	MESSAGE	blazeandcave:config/msg_settings_tiers	Видимое BACAP сообщение из bacap.zip:data/blazeandcave/function/config/msg_settings_tiers.mcfunction	
Challenge	Challenge	MESSAGE	blazeandcave:config/msg_settings_tiers	Видимое BACAP сообщение из bacap.zip:data/blazeandcave/function/config/msg_settings_tiers.mcfunction	
Goal	Goal	MESSAGE	blazeandcave:config/msg_settings_tiers	Видимое BACAP сообщение из bacap.zip:data/blazeandcave/function/config/msg_settings_tiers.mcfunction	
Milestone	Milestone	MESSAGE	blazeandcave:config/msg_settings_tiers	Видимое BACAP сообщение из bacap.zip:data/blazeandcave/function/config/msg_settings_tiers.mcfunction	
Task	Task	MESSAGE	blazeandcave:config/msg_settings_tiers	Видимое BACAP сообщение из bacap.zip:data/blazeandcave/function/config/msg_settings_tiers.mcfunction	
This function should only be used if you intend to turn off Cooperative Mode	This function should only be used if you intend to turn off Cooperative Mode	MESSAGE	blazeandcave:config/reset_bac_obtained_ru_sure	Видимое BACAP сообщение из bacap.zip:data/blazeandcave/function/config/reset_bac_obtained_ru_sure.mcfunction	
This function will stop sharing of advancements in Cooperative Mode until they are obtained again, and also reopen every advancement for the First Advancements scoreboard	This function will stop sharing of advancements in Cooperative Mode until they are obtained again, and also reopen every advancement for the First Advancements scoreboard	MESSAGE	blazeandcave:config/reset_bac_obtained_ru_sure	Видимое BACAP сообщение из bacap.zip:data/blazeandcave/function/config/reset_bac_obtained_ru_sure.mcfunction	
Error: There are no other players online	Error: There are no other players online	MESSAGE	blazeandcave:config/revoke_closest	Видимое BACAP сообщение из bacap.zip:data/blazeandcave/function/config/revoke_closest.mcfunction	
[ »» ]	[ »» ]	MESSAGE	blazeandcave:config/revoke_ru_sure	Видимое BACAP сообщение из bacap.zip:data/blazeandcave/function/config/revoke_ru_sure.mcfunction	
EVERYONE!! (who is online)	EVERYONE!! (who is online)	MESSAGE	blazeandcave:config/revoke_ru_sure	Видимое BACAP сообщение из bacap.zip:data/blazeandcave/function/config/revoke_ru_sure.mcfunction	
Once advancements are revoked, they cannot be recovered.	Once advancements are revoked, they cannot be recovered.	MESSAGE	blazeandcave:config/revoke_ru_sure	Видимое BACAP сообщение из bacap.zip:data/blazeandcave/function/config/revoke_ru_sure.mcfunction	
Please choose who you would like to revoke advancements from, or to go back	Please choose who you would like to revoke advancements from, or to go back	MESSAGE	blazeandcave:config/revoke_ru_sure	Видимое BACAP сообщение из bacap.zip:data/blazeandcave/function/config/revoke_ru_sure.mcfunction	
Some statistics advancements may come back automatically. If you wish for these to be reset too, you will need to delete the statistics file of players you want to revoke prior to revoking	Some statistics advancements may come back automatically. If you wish for these to be reset too, you will need to delete the statistics file of players you want to revoke prior to revoking	MESSAGE	blazeandcave:config/revoke_ru_sure	Видимое BACAP сообщение из bacap.zip:data/blazeandcave/function/config/revoke_ru_sure.mcfunction	
The closest player	The closest player	MESSAGE	blazeandcave:config/revoke_ru_sure	Видимое BACAP сообщение из bacap.zip:data/blazeandcave/function/config/revoke_ru_sure.mcfunction	
Yourself	Yourself	MESSAGE	blazeandcave:config/revoke_ru_sure	Видимое BACAP сообщение из bacap.zip:data/blazeandcave/function/config/revoke_ru_sure.mcfunction	
Advancements Scoreboard	Advancements Scoreboard	MESSAGE	blazeandcave:config/scoreboard_settings	Видимое BACAP сообщение из bacap.zip:data/blazeandcave/function/config/scoreboard_settings.mcfunction	
Clear scoreboard from below player names	Clear scoreboard from below player names	MESSAGE	blazeandcave:config/scoreboard_settings	Видимое BACAP сообщение из bacap.zip:data/blazeandcave/function/config/scoreboard_settings.mcfunction	
Clear scoreboard from sidebar	Clear scoreboard from sidebar	MESSAGE	blazeandcave:config/scoreboard_settings	Видимое BACAP сообщение из bacap.zip:data/blazeandcave/function/config/scoreboard_settings.mcfunction	
Clear scoreboard from tab list	Clear scoreboard from tab list	MESSAGE	blazeandcave:config/scoreboard_settings	Видимое BACAP сообщение из bacap.zip:data/blazeandcave/function/config/scoreboard_settings.mcfunction	
Click to clear	Click to clear	MESSAGE	blazeandcave:config/scoreboard_settings	Видимое BACAP сообщение из bacap.zip:data/blazeandcave/function/config/scoreboard_settings.mcfunction	
Click to display	Click to display	MESSAGE	blazeandcave:config/scoreboard_settings	Видимое BACAP сообщение из bacap.zip:data/blazeandcave/function/config/scoreboard_settings.mcfunction	
First Advancements in Team	First Advancements in Team	MESSAGE	blazeandcave:config/scoreboard_settings	Видимое BACAP сообщение из bacap.zip:data/blazeandcave/function/config/scoreboard_settings.mcfunction	
First Advancements Scoreboard	First Advancements Scoreboard	MESSAGE	blazeandcave:config/scoreboard_settings	Видимое BACAP сообщение из bacap.zip:data/blazeandcave/function/config/scoreboard_settings.mcfunction	
For example, if Alex and Steve are on Blue team and both have 100 advancements, Blue team would be listed as 200	For example, if Alex and Steve are on Blue team and both have 100 advancements, Blue team would be listed as 200	MESSAGE	blazeandcave:config/scoreboard_settings	Видимое BACAP сообщение из bacap.zip:data/blazeandcave/function/config/scoreboard_settings.mcfunction	
For example, if Alex and Steve are on Blue team and both have 100 advancements, but 50 of them are advancements they both got, Blue team would be listed as 150	For example, if Alex and Steve are on Blue team and both have 100 advancements, but 50 of them are advancements they both got, Blue team would be listed as 150	MESSAGE	blazeandcave:config/scoreboard_settings	Видимое BACAP сообщение из bacap.zip:data/blazeandcave/function/config/scoreboard_settings.mcfunction	
For example, if Alex and Steve are on Blue team and both were the first to get 100 advancements, Blue team would be listed as 200	For example, if Alex and Steve are on Blue team and both were the first to get 100 advancements, Blue team would be listed as 200	MESSAGE	blazeandcave:config/scoreboard_settings	Видимое BACAP сообщение из bacap.zip:data/blazeandcave/function/config/scoreboard_settings.mcfunction	
For example, if Alex and Steve are on Blue team and Steve gets 'Monster Hunter', Steve will have this score increase by 1, but when Alex gets it they won't. If Bob is on Red team and gets 'Monster Hunter' after Steve did, they will have this score increase by 1	For example, if Alex and Steve are on Blue team and Steve gets 'Monster Hunter', Steve will have this score increase by 1, but when Alex gets it they won't. If Bob is on Red team and gets 'Monster Hunter' after Steve did, they will have this score increase by 1	MESSAGE	blazeandcave:config/scoreboard_settings	Видимое BACAP сообщение из bacap.zip:data/blazeandcave/function/config/scoreboard_settings.mcfunction	
Not recommended for Cooperative Mode	Not recommended for Cooperative Mode	MESSAGE	blazeandcave:config/scoreboard_settings	Видимое BACAP сообщение из bacap.zip:data/blazeandcave/function/config/scoreboard_settings.mcfunction	
Recommended for Cooperative Mode	Recommended for Cooperative Mode	MESSAGE	blazeandcave:config/scoreboard_settings	Видимое BACAP сообщение из bacap.zip:data/blazeandcave/function/config/scoreboard_settings.mcfunction	
Recommended for Cooperative or Team Cooperative Mode	Recommended for Cooperative or Team Cooperative Mode	MESSAGE	blazeandcave:config/scoreboard_settings	Видимое BACAP сообщение из bacap.zip:data/blazeandcave/function/config/scoreboard_settings.mcfunction	
Recommended for Team Cooperative Mode	Recommended for Team Cooperative Mode	MESSAGE	blazeandcave:config/scoreboard_settings	Видимое BACAP сообщение из bacap.zip:data/blazeandcave/function/config/scoreboard_settings.mcfunction	
Recommended when NOT using Cooperative Mode	Recommended when NOT using Cooperative Mode	MESSAGE	blazeandcave:config/scoreboard_settings	Видимое BACAP сообщение из bacap.zip:data/blazeandcave/function/config/scoreboard_settings.mcfunction	
Recommended when NOT using Cooperative or Team Cooperative Mode	Recommended when NOT using Cooperative or Team Cooperative Mode	MESSAGE	blazeandcave:config/scoreboard_settings	Видимое BACAP сообщение из bacap.zip:data/blazeandcave/function/config/scoreboard_settings.mcfunction	
Team Advancements	Team Advancements	MESSAGE	blazeandcave:config/scoreboard_settings	Видимое BACAP сообщение из bacap.zip:data/blazeandcave/function/config/scoreboard_settings.mcfunction	
Team First Advancements	Team First Advancements	MESSAGE	blazeandcave:config/scoreboard_settings	Видимое BACAP сообщение из bacap.zip:data/blazeandcave/function/config/scoreboard_settings.mcfunction	
The Advancements Scoreboard keeps track of how many advancements each player has obtained	The Advancements Scoreboard keeps track of how many advancements each player has obtained	MESSAGE	blazeandcave:config/scoreboard_settings	Видимое BACAP сообщение из bacap.zip:data/blazeandcave/function/config/scoreboard_settings.mcfunction	
The First Advancements in Team Scoreboard lists every player, and counts how many advancements they were the first to get out of everyone on their team	The First Advancements in Team Scoreboard lists every player, and counts how many advancements they were the first to get out of everyone on their team	MESSAGE	blazeandcave:config/scoreboard_settings	Видимое BACAP сообщение из bacap.zip:data/blazeandcave/function/config/scoreboard_settings.mcfunction	
The First Advancements Scoreboard keeps track of how many advancements each player was the first to obtain	The First Advancements Scoreboard keeps track of how many advancements each player was the first to obtain	MESSAGE	blazeandcave:config/scoreboard_settings	Видимое BACAP сообщение из bacap.zip:data/blazeandcave/function/config/scoreboard_settings.mcfunction	
The Team Advancements Scoreboard lists every team, and adds up the Advancements score of every member in each team	The Team Advancements Scoreboard lists every team, and adds up the Advancements score of every member in each team	MESSAGE	blazeandcave:config/scoreboard_settings	Видимое BACAP сообщение из bacap.zip:data/blazeandcave/function/config/scoreboard_settings.mcfunction	
The Team First Advancements Scoreboard lists every team, and adds up the First Advancements score of every member in each team	The Team First Advancements Scoreboard lists every team, and adds up the First Advancements score of every member in each team	MESSAGE	blazeandcave:config/scoreboard_settings	Видимое BACAP сообщение из bacap.zip:data/blazeandcave/function/config/scoreboard_settings.mcfunction	
The Total Team Advancements Scoreboard lists every team, and counts how many advancements have been obtained by any member in each team	The Total Team Advancements Scoreboard lists every team, and counts how many advancements have been obtained by any member in each team	MESSAGE	blazeandcave:config/scoreboard_settings	Видимое BACAP сообщение из bacap.zip:data/blazeandcave/function/config/scoreboard_settings.mcfunction	
Total Team Advancements	Total Team Advancements	MESSAGE	blazeandcave:config/scoreboard_settings	Видимое BACAP сообщение из bacap.zip:data/blazeandcave/function/config/scoreboard_settings.mcfunction	
- You have been using commands to manually revoke the advancements of player(s)	- You have been using commands to manually revoke the advancements of player(s)	MESSAGE	blazeandcave:config/technical_settings	Видимое BACAP сообщение из bacap.zip:data/blazeandcave/function/config/technical_settings.mcfunction	
- You have recently updated to a new datapack version, especially across a new Minecraft update	- You have recently updated to a new datapack version, especially across a new Minecraft update	MESSAGE	blazeandcave:config/technical_settings	Видимое BACAP сообщение из bacap.zip:data/blazeandcave/function/config/technical_settings.mcfunction	
Click to run	Click to run	MESSAGE	blazeandcave:config/technical_settings	Видимое BACAP сообщение из bacap.zip:data/blazeandcave/function/config/technical_settings.mcfunction	
Gives every online player every trophy from advancements they have obtained so far	Gives every online player every trophy from advancements they have obtained so far	MESSAGE	blazeandcave:config/technical_settings	Видимое BACAP сообщение из bacap.zip:data/blazeandcave/function/config/technical_settings.mcfunction	
Global install	Global install	MESSAGE	blazeandcave:config/technical_settings	Видимое BACAP сообщение из bacap.zip:data/blazeandcave/function/config/technical_settings.mcfunction	
Goes through every advancement for every player online, and recounts how many advancements they have	Goes through every advancement for every player online, and recounts how many advancements they have	MESSAGE	blazeandcave:config/technical_settings	Видимое BACAP сообщение из bacap.zip:data/blazeandcave/function/config/technical_settings.mcfunction	
Grant missing trophies	Grant missing trophies	MESSAGE	blazeandcave:config/technical_settings	Видимое BACAP сообщение из bacap.zip:data/blazeandcave/function/config/technical_settings.mcfunction	
Properly installs Hardcore, Terralith and other add-on versions of BlazeandCave's Advancements Pack that have been placed in your world's datapacks folder by reordering datapack priorities	Properly installs Hardcore, Terralith and other add-on versions of BlazeandCave's Advancements Pack that have been placed in your world's datapacks folder by reordering datapack priorities	MESSAGE	blazeandcave:config/technical_settings	Видимое BACAP сообщение из bacap.zip:data/blazeandcave/function/config/technical_settings.mcfunction	
Re-calculates the value of team scoreboards that draw from players' advancement and first advancement scores	Re-calculates the value of team scoreboards that draw from players' advancement and first advancement scores	MESSAGE	blazeandcave:config/technical_settings	Видимое BACAP сообщение из bacap.zip:data/blazeandcave/function/config/technical_settings.mcfunction	
Refresh Cooperative Mode advancement sharing	Refresh Cooperative Mode advancement sharing	MESSAGE	blazeandcave:config/technical_settings	Видимое BACAP сообщение из bacap.zip:data/blazeandcave/function/config/technical_settings.mcfunction	
Reset obtained advancements	Reset obtained advancements	MESSAGE	blazeandcave:config/technical_settings	Видимое BACAP сообщение из bacap.zip:data/blazeandcave/function/config/technical_settings.mcfunction	
Resets the 'bac_obtained' scoreboard. This will make it so that Cooperative Mode will no longer see any advancements as complete and hence not share any, and also set every advancement back up for grabs for the First Advancement scoreboard	Resets the 'bac_obtained' scoreboard. This will make it so that Cooperative Mode will no longer see any advancements as complete and hence not share any, and also set every advancement back up for grabs for the First Advancement scoreboard	MESSAGE	blazeandcave:config/technical_settings	Видимое BACAP сообщение из bacap.zip:data/blazeandcave/function/config/technical_settings.mcfunction	
Revoke all advancements	Revoke all advancements	MESSAGE	blazeandcave:config/technical_settings	Видимое BACAP сообщение из bacap.zip:data/blazeandcave/function/config/technical_settings.mcfunction	
Revoke death advancements (Hardcore to survival)	Revoke death advancements (Hardcore to survival)	MESSAGE	blazeandcave:config/technical_settings	Видимое BACAP сообщение из bacap.zip:data/blazeandcave/function/config/technical_settings.mcfunction	
Revokes all death-related advancements. This function should only be used if you die while playing in Hardcore Mode and using the Hardcore version of this datapack, but want to continue playing anyway as though it is ordinary survival.	Revokes all death-related advancements. This function should only be used if you die while playing in Hardcore Mode and using the Hardcore version of this datapack, but want to continue playing anyway as though it is ordinary survival.	MESSAGE	blazeandcave:config/technical_settings	Видимое BACAP сообщение из bacap.zip:data/blazeandcave/function/config/technical_settings.mcfunction	
Revokes every advancement, including resetting scoreboards	Revokes every advancement, including resetting scoreboards	MESSAGE	blazeandcave:config/technical_settings	Видимое BACAP сообщение из bacap.zip:data/blazeandcave/function/config/technical_settings.mcfunction	
Should be used if:	Should be used if:	MESSAGE	blazeandcave:config/technical_settings	Видимое BACAP сообщение из bacap.zip:data/blazeandcave/function/config/technical_settings.mcfunction	
This function should only be used on worlds created before the Trophy Update (BACAP 1.11) or if you really want an easy way of getting them back	This function should only be used on worlds created before the Trophy Update (BACAP 1.11) or if you really want an easy way of getting them back	MESSAGE	blazeandcave:config/technical_settings	Видимое BACAP сообщение из bacap.zip:data/blazeandcave/function/config/technical_settings.mcfunction	
Update scoreboard	Update scoreboard	MESSAGE	blazeandcave:config/technical_settings	Видимое BACAP сообщение из bacap.zip:data/blazeandcave/function/config/technical_settings.mcfunction	
Update team scoreboards	Update team scoreboards	MESSAGE	blazeandcave:config/technical_settings	Видимое BACAP сообщение из bacap.zip:data/blazeandcave/function/config/technical_settings.mcfunction	
Warning: Some of these settings may cause adverse effects on your progress, and will cause a lag-spike upon being used. Only use if you absolutely know what they do! Use with caution!	Warning: Some of these settings may cause adverse effects on your progress, and will cause a lag-spike upon being used. Only use if you absolutely know what they do! Use with caution!	MESSAGE	blazeandcave:config/technical_settings	Видимое BACAP сообщение из bacap.zip:data/blazeandcave/function/config/technical_settings.mcfunction	
You may choose to revoke from either yourself, the closest player to you, or from everyone currently online	You may choose to revoke from either yourself, the closest player to you, or from everyone currently online	MESSAGE	blazeandcave:config/technical_settings	Видимое BACAP сообщение из bacap.zip:data/blazeandcave/function/config/technical_settings.mcfunction	
All players have been granted trophies.	All players have been granted trophies.	MESSAGE	blazeandcave:config/trophies_begin_grant	Видимое BACAP сообщение из bacap.zip:data/blazeandcave/function/config/trophies_begin_grant.mcfunction	
Click to insert command into chat	Click to insert command into chat	MESSAGE	blazeandcave:config/trophies_begin_grant	Видимое BACAP сообщение из bacap.zip:data/blazeandcave/function/config/trophies_begin_grant.mcfunction	
Players that have been granted trophies by this function in the past did not receive any now. To manually re-enable trophy granting for them use the command:	Players that have been granted trophies by this function in the past did not receive any now. To manually re-enable trophy granting for them use the command:	MESSAGE	blazeandcave:config/trophies_begin_grant	Видимое BACAP сообщение из bacap.zip:data/blazeandcave/function/config/trophies_begin_grant.mcfunction	
This function may also grossly fill inventories so make sure everyone is prepared to receive them!	This function may also grossly fill inventories so make sure everyone is prepared to receive them!	MESSAGE	blazeandcave:config/trophies_ru_sure	Видимое BACAP сообщение из bacap.zip:data/blazeandcave/function/config/trophies_ru_sure.mcfunction	
This function should only be used in worlds that used the Advancements Pack before updating to the Trophy Update.	This function should only be used in worlds that used the Advancements Pack before updating to the Trophy Update.	MESSAGE	blazeandcave:config/trophies_ru_sure	Видимое BACAP сообщение из bacap.zip:data/blazeandcave/function/config/trophies_ru_sure.mcfunction	
[ No ]	[ No ]	MESSAGE		Видимое BACAP сообщение из bacap.zip:data/blazeandcave/function/config/coop_ru_sure.mcfunction; используется в 4 местах	
[ Yes ]	[ Yes ]	MESSAGE		Видимое BACAP сообщение из bacap.zip:data/blazeandcave/function/config/coop_ru_sure.mcfunction; используется в 4 местах	
All advancements have been revoked from %1$s	All advancements have been revoked from %1$s	MESSAGE		Видимое BACAP сообщение из bacap.zip:data/blazeandcave/function/config/revoke_closest.mcfunction; используется в 3 местах	
Are you sure?	Are you sure?	MESSAGE		Видимое BACAP сообщение из bacap.zip:data/blazeandcave/function/config/coop_ru_sure.mcfunction; используется в 5 местах	
Below each player's name	Below each player's name	MESSAGE		Видимое BACAP сообщение из bacap.zip:data/blazeandcave/function/config/scoreboard_bac_advancements.mcfunction; используется в 3 местах	
Click to confirm	Click to confirm	MESSAGE		Видимое BACAP сообщение из bacap.zip:data/blazeandcave/function/config/coop_ru_sure.mcfunction; используется в 5 местах	
Click to follow link	Click to follow link	MESSAGE		Видимое BACAP сообщение из bacap.zip:data/blazeandcave/function/config/help_faq_advinfo.mcfunction; используется в 3 местах	
Click to go back	Click to go back	MESSAGE		Видимое BACAP сообщение из bacap.zip:data/blazeandcave/function/config/coop_ru_sure.mcfunction; используется в 22 местах	
Frequently Asked Questions	Frequently Asked Questions	MESSAGE		Видимое BACAP сообщение из bacap.zip:data/blazeandcave/function/config/help_faq.mcfunction; используется в 2 местах	
Go back	Go back	MESSAGE		Видимое BACAP сообщение из bacap.zip:data/blazeandcave/function/config/help_faq_advinfo.mcfunction; используется в 11 местах	
Go back to main config menu	Go back to main config menu	MESSAGE		Видимое BACAP сообщение из bacap.zip:data/blazeandcave/function/config/help_faq.mcfunction; используется в 7 местах	
How can I translate the advancements into a new language?	How can I translate the advancements into a new language?	MESSAGE		Видимое BACAP сообщение из bacap.zip:data/blazeandcave/function/config/help_faq.mcfunction; используется в 2 местах	
How do I install the Language Pack?	How do I install the Language Pack?	MESSAGE		Видимое BACAP сообщение из bacap.zip:data/blazeandcave/function/config/help_faq.mcfunction; используется в 2 местах	
How to add players to teams	How to add players to teams	MESSAGE		Видимое BACAP сообщение из bacap.zip:data/blazeandcave/function/config/help_menu.mcfunction; используется в 2 местах	
How to update to new datapack versions	How to update to new datapack versions	MESSAGE		Видимое BACAP сообщение из bacap.zip:data/blazeandcave/function/config/help_menu.mcfunction; используется в 2 местах	
How would you like this scoreboard to be displayed?	How would you like this scoreboard to be displayed?	MESSAGE		Видимое BACAP сообщение из bacap.zip:data/blazeandcave/function/config/scoreboard_bac_advancements.mcfunction; используется в 3 местах	
Important Links	Important Links	MESSAGE		Видимое BACAP сообщение из bacap.zip:data/blazeandcave/function/config/help_links.mcfunction; используется в 2 местах	
On sidebar	On sidebar	MESSAGE		Видимое BACAP сообщение из bacap.zip:data/blazeandcave/function/config/scoreboard_bac_advancements.mcfunction; используется в 3 местах	
On tab list	On tab list	MESSAGE		Видимое BACAP сообщение из bacap.zip:data/blazeandcave/function/config/scoreboard_bac_advancements.mcfunction; используется в 3 местах	
Troubleshooting	Troubleshooting	MESSAGE		Видимое BACAP сообщение из bacap.zip:data/blazeandcave/function/config/help_menu.mcfunction; используется в 2 местах	
What is the name of the mod that lets you see progress on advancements?	What is the name of the mod that lets you see progress on advancements?	MESSAGE		Видимое BACAP сообщение из bacap.zip:data/blazeandcave/function/config/help_faq.mcfunction; используется в 2 местах	
While the mode can be turned off, shared advancements cannot be easily revoked.	While the mode can be turned off, shared advancements cannot be easily revoked.	MESSAGE		Видимое BACAP сообщение из bacap.zip:data/blazeandcave/function/config/coop_ru_sure.mcfunction; используется в 2 местах	
Why aren't all tabs visible at the start?	Why aren't all tabs visible at the start?	MESSAGE		Видимое BACAP сообщение из bacap.zip:data/blazeandcave/function/config/help_faq.mcfunction; используется в 2 местах	
's Advancements Pack Config	's Advancements Pack Config	MESSAGE	blazeandcave:config.mcfunction/config	Видимое BACAP сообщение из bacap.zip:data/blazeandcave/function/config.mcfunction	
Click to disable	Click to disable	MESSAGE	blazeandcave:config.mcfunction/config	Видимое BACAP сообщение из bacap.zip:data/blazeandcave/function/config.mcfunction	
Click to disable Cooperative Mode	Click to disable Cooperative Mode	MESSAGE	blazeandcave:config.mcfunction/config	Видимое BACAP сообщение из bacap.zip:data/blazeandcave/function/config.mcfunction	
Click to enable	Click to enable	MESSAGE	blazeandcave:config.mcfunction/config	Видимое BACAP сообщение из bacap.zip:data/blazeandcave/function/config.mcfunction	
Click to enable Cooperative Mode	Click to enable Cooperative Mode	MESSAGE	blazeandcave:config.mcfunction/config	Видимое BACAP сообщение из bacap.zip:data/blazeandcave/function/config.mcfunction	
Click to enable Team Cooperative Mode	Click to enable Team Cooperative Mode	MESSAGE	blazeandcave:config.mcfunction/config	Видимое BACAP сообщение из bacap.zip:data/blazeandcave/function/config.mcfunction	
Cooperative Mode currently disabled	Cooperative Mode currently disabled	MESSAGE	blazeandcave:config.mcfunction/config	Видимое BACAP сообщение из bacap.zip:data/blazeandcave/function/config.mcfunction	
Cooperative Mode currently enabled	Cooperative Mode currently enabled	MESSAGE	blazeandcave:config.mcfunction/config	Видимое BACAP сообщение из bacap.zip:data/blazeandcave/function/config.mcfunction	
Cooperative Mode shares every advancement gained among every player	Cooperative Mode shares every advancement gained among every player	MESSAGE	blazeandcave:config.mcfunction/config	Видимое BACAP сообщение из bacap.zip:data/blazeandcave/function/config.mcfunction	
Experience Rewards are awarded upon completing some advancements, adding directly to a player's XP count	Experience Rewards are awarded upon completing some advancements, adding directly to a player's XP count	MESSAGE	blazeandcave:config.mcfunction/config	Видимое BACAP сообщение из bacap.zip:data/blazeandcave/function/config.mcfunction	
Experience Rewards:	Experience Rewards:	MESSAGE	blazeandcave:config.mcfunction/config	Видимое BACAP сообщение из bacap.zip:data/blazeandcave/function/config.mcfunction	
Functions for updating, resetting and revoking advancements	Functions for updating, resetting and revoking advancements	MESSAGE	blazeandcave:config.mcfunction/config	Видимое BACAP сообщение из bacap.zip:data/blazeandcave/function/config.mcfunction	
Help	Help	MESSAGE	blazeandcave:config.mcfunction/config	Видимое BACAP сообщение из bacap.zip:data/blazeandcave/function/config.mcfunction	
Item Rewards are a small amount of bonus items awarded upon completing some advancements	Item Rewards are a small amount of bonus items awarded upon completing some advancements	MESSAGE	blazeandcave:config.mcfunction/config	Видимое BACAP сообщение из bacap.zip:data/blazeandcave/function/config.mcfunction	
Item Rewards:	Item Rewards:	MESSAGE	blazeandcave:config.mcfunction/config	Видимое BACAP сообщение из bacap.zip:data/blazeandcave/function/config.mcfunction	
Need help understanding how the datapack, this config menu, or anything else works?	Need help understanding how the datapack, this config menu, or anything else works?	MESSAGE	blazeandcave:config.mcfunction/config	Видимое BACAP сообщение из bacap.zip:data/blazeandcave/function/config.mcfunction	
Settings for what messages that appear upon completing each tier of advancement should appear	Settings for what messages that appear upon completing each tier of advancement should appear	MESSAGE	blazeandcave:config.mcfunction/config	Видимое BACAP сообщение из bacap.zip:data/blazeandcave/function/config.mcfunction	
Settings for what type of scoreboard to display and where	Settings for what type of scoreboard to display and where	MESSAGE	blazeandcave:config.mcfunction/config	Видимое BACAP сообщение из bacap.zip:data/blazeandcave/function/config.mcfunction	
Team Cooperative Mode currently enabled	Team Cooperative Mode currently enabled	MESSAGE	blazeandcave:config.mcfunction/config	Видимое BACAP сообщение из bacap.zip:data/blazeandcave/function/config.mcfunction	
Team Cooperative Mode works similarly, but only shares among players of the same team	Team Cooperative Mode works similarly, but only shares among players of the same team	MESSAGE	blazeandcave:config.mcfunction/config	Видимое BACAP сообщение из bacap.zip:data/blazeandcave/function/config.mcfunction	
The Welcome Message appears when a player logs into the world for the first time. On servers that already have a custom welcome message, this should be turned off	The Welcome Message appears when a player logs into the world for the first time. On servers that already have a custom welcome message, this should be turned off	MESSAGE	blazeandcave:config.mcfunction/config	Видимое BACAP сообщение из bacap.zip:data/blazeandcave/function/config.mcfunction	
Trophies are decorative items awarded upon completing some advancements, in particular challenges, super challenges and milestones	Trophies are decorative items awarded upon completing some advancements, in particular challenges, super challenges and milestones	MESSAGE	blazeandcave:config.mcfunction/config	Видимое BACAP сообщение из bacap.zip:data/blazeandcave/function/config.mcfunction	
Trophies:	Trophies:	MESSAGE	blazeandcave:config.mcfunction/config	Видимое BACAP сообщение из bacap.zip:data/blazeandcave/function/config.mcfunction	
Welcome Message currently disabled	Welcome Message currently disabled	MESSAGE	blazeandcave:config.mcfunction/config	Видимое BACAP сообщение из bacap.zip:data/blazeandcave/function/config.mcfunction	
Welcome Message currently enabled	Welcome Message currently enabled	MESSAGE	blazeandcave:config.mcfunction/config	Видимое BACAP сообщение из bacap.zip:data/blazeandcave/function/config.mcfunction	
Experience	Experience	MESSAGE		Видимое BACAP сообщение из bacap.zip:data/bacap_rewards/function/exp/adventure/a_chiptune_relic.mcfunction; используется в 523 местах	
Birthday Song	Birthday Song	TITLE	minecraft:husbandry/allay_deliver_cake_to_note_block	Название advancement minecraft:husbandry/allay_deliver_cake_to_note_block	
Have an Allay drop a cake at a note block	Have an Allay drop a cake at a note block	DESCRIPTION	minecraft:husbandry/allay_deliver_cake_to_note_block	Описание advancement minecraft:husbandry/allay_deliver_cake_to_note_block	
You’ve Got a Friend in Me	You’ve Got a Friend in Me	TITLE	minecraft:husbandry/allay_deliver_item_to_player	Название advancement minecraft:husbandry/allay_deliver_item_to_player	
The Cutest Predator	The Cutest Predator	TITLE	minecraft:husbandry/axolotl_in_a_bucket	Название advancement minecraft:husbandry/axolotl_in_a_bucket	
Catch an Axolotl in a Bucket	Catch an Axolotl in a Bucket	DESCRIPTION	minecraft:husbandry/axolotl_in_a_bucket	Описание advancement minecraft:husbandry/axolotl_in_a_bucket	
A Balanced Diet	A Balanced Diet	TITLE	minecraft:husbandry/balanced_diet	Название advancement minecraft:husbandry/balanced_diet	
Serious Dedication	Serious Dedication	TITLE	minecraft:husbandry/break_diamond_hoe	Название advancement minecraft:husbandry/break_diamond_hoe	
Overpopulation	Overpopulation	TITLE	minecraft:husbandry/bred_all_animals	Название advancement minecraft:husbandry/bred_all_animals	
A Complete Catalogue	A Complete Catalogue	TITLE	minecraft:husbandry/complete_catalogue	Название advancement minecraft:husbandry/complete_catalogue	
Feed a Snifflet	Feed a Snifflet	DESCRIPTION	minecraft:husbandry/feed_snifflet	Описание advancement minecraft:husbandry/feed_snifflet	
Fishy Business	Fishy Business	TITLE	minecraft:husbandry/fishy_business	Название advancement minecraft:husbandry/fishy_business	
Catch a fish	Catch a fish	DESCRIPTION	minecraft:husbandry/fishy_business	Описание advancement minecraft:husbandry/fishy_business	
Team up with an Axolotl and win a fight	Team up with an Axolotl and win a fight	DESCRIPTION	minecraft:husbandry/kill_axolotl_target	Описание advancement minecraft:husbandry/kill_axolotl_target	
When the Squad Hops into Town	When the Squad Hops into Town	TITLE	minecraft:husbandry/leash_all_frog_variants	Название advancement minecraft:husbandry/leash_all_frog_variants	
Life… uhh… finds a way	Life… uhh… finds a way	TITLE	minecraft:husbandry/obtain_sniffer_egg	Название advancement minecraft:husbandry/obtain_sniffer_egg	
Planting the Past	Planting the Past	TITLE	minecraft:husbandry/plant_any_sniffer_seed	Название advancement minecraft:husbandry/plant_any_sniffer_seed	
Plant any Sniffer Seed	Plant any Sniffer Seed	DESCRIPTION	minecraft:husbandry/plant_any_sniffer_seed	Описание advancement minecraft:husbandry/plant_any_sniffer_seed	
A Seedy Place	A Seedy Place	TITLE	minecraft:husbandry/plant_seed	Название advancement minecraft:husbandry/plant_seed	
Good as New	Good as New	TITLE	minecraft:husbandry/repair_wolf_armor	Название advancement minecraft:husbandry/repair_wolf_armor	
Whatever Floats Your Goat!	Whatever Floats Your Goat!	TITLE	minecraft:husbandry/ride_a_boat_with_a_goat	Название advancement minecraft:husbandry/ride_a_boat_with_a_goat	
Animals	Animals	TAB	minecraft:husbandry/root	Название вкладки/категории для minecraft:husbandry/root	
Bee Our Guest	Bee Our Guest	TITLE	minecraft:husbandry/safely_harvest_honey	Название advancement minecraft:husbandry/safely_harvest_honey	
Total Beelocation	Total Beelocation	TITLE	minecraft:husbandry/silk_touch_nest	Название advancement minecraft:husbandry/silk_touch_nest	
Tactical Fishing	Tactical Fishing	TITLE	minecraft:husbandry/tactical_fishing	Название advancement minecraft:husbandry/tactical_fishing	
Bukkit bukkit	Bukkit bukkit	TITLE	minecraft:husbandry/tadpole_in_a_bucket	Название advancement minecraft:husbandry/tadpole_in_a_bucket	
Catch a Tadpole in a Bucket	Catch a Tadpole in a Bucket	DESCRIPTION	minecraft:husbandry/tadpole_in_a_bucket	Описание advancement minecraft:husbandry/tadpole_in_a_bucket	
Befriend a wolf	Befriend a wolf	DESCRIPTION	minecraft:husbandry/tame_an_animal	Описание advancement minecraft:husbandry/tame_an_animal	
All brand-new advancements included in this version are intended for trigger testing purposes and do not yet have reward functions.	All brand-new advancements included in this version are intended for trigger testing purposes and do not yet have reward functions.	MESSAGE	blazeandcave:msg_alpha_build.mcfunction/msg_alpha_build	Видимое BACAP сообщение из bacap.zip:data/blazeandcave/function/msg_alpha_build.mcfunction	
This functionality will be added in the first Beta Build, which will be released when Minecraft snapshots begin entering a largely bug-fixing period in preparation for the major Minecraft update's release.	This functionality will be added in the first Beta Build, which will be released when Minecraft snapshots begin entering a largely bug-fixing period in preparation for the major Minecraft update's release.	MESSAGE	blazeandcave:msg_alpha_build.mcfunction/msg_alpha_build	Видимое BACAP сообщение из bacap.zip:data/blazeandcave/function/msg_alpha_build.mcfunction	
This is an Alpha Build of BlazeandCave's Advancements Pack, designed for snapshots of the next major Minecraft update.	This is an Alpha Build of BlazeandCave's Advancements Pack, designed for snapshots of the next major Minecraft update.	MESSAGE	blazeandcave:msg_alpha_build.mcfunction/msg_alpha_build	Видимое BACAP сообщение из bacap.zip:data/blazeandcave/function/msg_alpha_build.mcfunction	
This means they currently do not have custom advancement completion messages, will not count towards the advancements scoreboard, and don't get shared in cooperative mode.	This means they currently do not have custom advancement completion messages, will not count towards the advancements scoreboard, and don't get shared in cooperative mode.	MESSAGE	blazeandcave:msg_alpha_build.mcfunction/msg_alpha_build	Видимое BACAP сообщение из bacap.zip:data/blazeandcave/function/msg_alpha_build.mcfunction	
This is a Beta Build of BlazeandCave's Advancements Pack, designed for snapshots of the next major Minecraft update.	This is a Beta Build of BlazeandCave's Advancements Pack, designed for snapshots of the next major Minecraft update.	MESSAGE	blazeandcave:msg_beta_build.mcfunction/msg_beta_build	Видимое BACAP сообщение из bacap.zip:data/blazeandcave/function/msg_beta_build.mcfunction	
This version of the datapack should be fairly stable and playable, with every brand-new advancement working at full functionality, but there may be some unwanted bugs or other issues.	This version of the datapack should be fairly stable and playable, with every brand-new advancement working at full functionality, but there may be some unwanted bugs or other issues.	MESSAGE	blazeandcave:msg_beta_build.mcfunction/msg_beta_build	Видимое BACAP сообщение из bacap.zip:data/blazeandcave/function/msg_beta_build.mcfunction	
and give yourself the Advancement Pack Squad in #roles!	and give yourself the Advancement Pack Squad in #roles!	MESSAGE	blazeandcave:msg_intro.mcfunction/msg_intro	Видимое BACAP сообщение из bacap.zip:data/blazeandcave/function/msg_intro.mcfunction	
If you wish to change settings, use the following command:	If you wish to change settings, use the following command:	MESSAGE	blazeandcave:msg_intro.mcfunction/msg_intro	Видимое BACAP сообщение из bacap.zip:data/blazeandcave/function/msg_intro.mcfunction	
Thank you for downloading	Thank you for downloading	MESSAGE	blazeandcave:msg_intro.mcfunction/msg_intro	Видимое BACAP сообщение из bacap.zip:data/blazeandcave/function/msg_intro.mcfunction	
Want to keep up with updates to the Advancements Pack? Join my	Want to keep up with updates to the Advancements Pack? Join my	MESSAGE	blazeandcave:msg_intro.mcfunction/msg_intro	Видимое BACAP сообщение из bacap.zip:data/blazeandcave/function/msg_intro.mcfunction	
Created by 	Created by 	MESSAGE	blazeandcave:msg_welcome.mcfunction/msg_welcome	Видимое BACAP сообщение из bacap.zip:data/blazeandcave/function/msg_welcome.mcfunction	
If you enjoy, your presence on my	If you enjoy, your presence on my	MESSAGE	blazeandcave:msg_welcome.mcfunction/msg_welcome	Видимое BACAP сообщение из bacap.zip:data/blazeandcave/function/msg_welcome.mcfunction	
This world is using 	This world is using 	MESSAGE	blazeandcave:msg_welcome.mcfunction/msg_welcome	Видимое BACAP сообщение из bacap.zip:data/blazeandcave/function/msg_welcome.mcfunction	
would be welcome!	would be welcome!	MESSAGE	blazeandcave:msg_welcome.mcfunction/msg_welcome	Видимое BACAP сообщение из bacap.zip:data/blazeandcave/function/msg_welcome.mcfunction	
gui.advancements	gui.advancements	MESSAGE	blazeandcave:new_world.mcfunction/new_world	Видимое BACAP сообщение из bacap_override:data/blazeandcave/function/new_world.mcfunction	
item.minecraft.disc_fragment_5	item.minecraft.disc_fragment_5	MESSAGE	blazeandcave:reward/9_to_5	Видимое BACAP сообщение из bacap.zip:data/bacap_rewards/function/reward/mining/9_to_5.mcfunction	
block.minecraft.oak_fence	block.minecraft.oak_fence	MESSAGE	blazeandcave:reward/a_rather_pointy_fence_post	Видимое BACAP сообщение из bacap.zip:data/bacap_rewards/function/reward/enchanting/a_rather_pointy_fence_post.mcfunction	
item.minecraft.glow_berries	item.minecraft.glow_berries	MESSAGE	blazeandcave:reward/a_shiny_treat	Видимое BACAP сообщение из bacap.zip:data/bacap_rewards/function/reward/mining/a_shiny_treat.mcfunction	
block.minecraft.amethyst_block	block.minecraft.amethyst_block	MESSAGE	blazeandcave:reward/amethyst_miner	Видимое BACAP сообщение из bacap.zip:data/bacap_rewards/function/reward/mining/amethyst_miner.mcfunction	
item.minecraft.writable_book	item.minecraft.writable_book	MESSAGE	blazeandcave:reward/an_amazing_story	Видимое BACAP сообщение из bacap.zip:data/bacap_rewards/function/reward/farming/an_amazing_story.mcfunction	
enchantment.minecraft.multishot	enchantment.minecraft.multishot	MESSAGE	blazeandcave:reward/artillery	Видимое BACAP сообщение из bacap.zip:data/bacap_rewards/function/reward/weaponry/artillery.mcfunction	
item.minecraft.crossbow	item.minecraft.crossbow	MESSAGE	blazeandcave:reward/artillery	Видимое BACAP сообщение из bacap.zip:data/bacap_rewards/function/reward/weaponry/artillery.mcfunction	
item.minecraft.bread	item.minecraft.bread	MESSAGE	blazeandcave:reward/bake_bread	Видимое BACAP сообщение из bacap.zip:data/bacap_rewards/function/reward/farming/bake_bread.mcfunction	
block.minecraft.bamboo_block	block.minecraft.bamboo_block	MESSAGE	blazeandcave:reward/bamboozled	Видимое BACAP сообщение из bacap.zip:data/bacap_rewards/function/reward/building/bamboozled.mcfunction	
block.minecraft.barrel	block.minecraft.barrel	MESSAGE	blazeandcave:reward/barrel_rider	Видимое BACAP сообщение из bacap.zip:data/bacap_rewards/function/reward/building/barrel_rider.mcfunction	
block.minecraft.nether_wart	block.minecraft.nether_wart	MESSAGE	blazeandcave:reward/basis_of_brewing	Видимое BACAP сообщение из bacap.zip:data/bacap_rewards/function/reward/nether/basis_of_brewing.mcfunction	
item.minecraft.nether_star	item.minecraft.nether_star	MESSAGE	blazeandcave:reward/beacon_overlord	Видимое BACAP сообщение из bacap.zip:data/bacap_rewards/function/reward/nether/beacon_overlord.mcfunction	
item.minecraft.sweet_berries	item.minecraft.sweet_berries	MESSAGE	blazeandcave:reward/berry_nice	Видимое BACAP сообщение из bacap.zip:data/bacap_rewards/function/reward/farming/berry_nice.mcfunction	
block.minecraft.tinted_glass	block.minecraft.tinted_glass	MESSAGE	blazeandcave:reward/blackout	Видимое BACAP сообщение из bacap.zip:data/bacap_rewards/function/reward/mining/blackout.mcfunction	
enchantment.minecraft.flame	enchantment.minecraft.flame	MESSAGE	blazeandcave:reward/blaze_extinguisher	Видимое BACAP сообщение из bacap.zip:data/bacap_rewards/function/reward/nether/blaze_extinguisher.mcfunction	
block.minecraft.bricks	block.minecraft.bricks	MESSAGE	blazeandcave:reward/bricks	Видимое BACAP сообщение из bacap.zip:data/bacap_rewards/function/reward/building/bricks.mcfunction	
block.minecraft.copper_bulb	block.minecraft.copper_bulb	MESSAGE	blazeandcave:reward/bulbous	Видимое BACAP сообщение из bacap.zip:data/bacap_rewards/function/reward/building/bulbous.mcfunction	
enchantment.minecraft.channeling	enchantment.minecraft.channeling	MESSAGE	blazeandcave:reward/camouflage	Видимое BACAP сообщение из bacap.zip:data/bacap_rewards/function/reward/monsters/camouflage.mcfunction	
block.minecraft.acacia_sapling	block.minecraft.acacia_sapling	MESSAGE	blazeandcave:reward/care_for_the_environment	Видимое BACAP сообщение из bacap.zip:data/bacap_rewards/function/reward/farming/care_for_the_environment.mcfunction	
block.minecraft.birch_sapling	block.minecraft.birch_sapling	MESSAGE	blazeandcave:reward/care_for_the_environment	Видимое BACAP сообщение из bacap.zip:data/bacap_rewards/function/reward/farming/care_for_the_environment.mcfunction	
block.minecraft.cherry_sapling	block.minecraft.cherry_sapling	MESSAGE	blazeandcave:reward/care_for_the_environment	Видимое BACAP сообщение из bacap.zip:data/bacap_rewards/function/reward/farming/care_for_the_environment.mcfunction	
block.minecraft.dark_oak_sapling	block.minecraft.dark_oak_sapling	MESSAGE	blazeandcave:reward/care_for_the_environment	Видимое BACAP сообщение из bacap.zip:data/bacap_rewards/function/reward/farming/care_for_the_environment.mcfunction	
block.minecraft.jungle_sapling	block.minecraft.jungle_sapling	MESSAGE	blazeandcave:reward/care_for_the_environment	Видимое BACAP сообщение из bacap.zip:data/bacap_rewards/function/reward/farming/care_for_the_environment.mcfunction	
block.minecraft.pale_oak_sapling	block.minecraft.pale_oak_sapling	MESSAGE	blazeandcave:reward/care_for_the_environment	Видимое BACAP сообщение из bacap.zip:data/bacap_rewards/function/reward/farming/care_for_the_environment.mcfunction	
block.minecraft.soul_soil	block.minecraft.soul_soil	MESSAGE	blazeandcave:reward/cerulean	Видимое BACAP сообщение из bacap.zip:data/bacap_rewards/function/reward/building/cerulean.mcfunction	
item.minecraft.raw_copper	item.minecraft.raw_copper	MESSAGE	blazeandcave:reward/copper_miner	Видимое BACAP сообщение из bacap.zip:data/bacap_rewards/function/reward/mining/copper_miner.mcfunction	
item.minecraft.compass	item.minecraft.compass	MESSAGE	blazeandcave:reward/country_lode_take_me_home	Видимое BACAP сообщение из bacap.zip:data/bacap_rewards/function/reward/nether/country_lode_take_me_home.mcfunction	
block.minecraft.wither_rose	block.minecraft.wither_rose	MESSAGE	blazeandcave:reward/decaying_beauty	Видимое BACAP сообщение из bacap.zip:data/bacap_rewards/function/reward/nether/decaying_beauty.mcfunction	
item.minecraft.cooked_cod	item.minecraft.cooked_cod	MESSAGE	blazeandcave:reward/delicious_fish	Видимое BACAP сообщение из bacap.zip:data/bacap_rewards/function/reward/animal/delicious_fish.mcfunction	
item.minecraft.potato	item.minecraft.potato	MESSAGE	blazeandcave:reward/die_potato	Видимое BACAP сообщение из bacap.zip:data/bacap_rewards/function/reward/farming/die_potato.mcfunction	
block.minecraft.cobweb	block.minecraft.cobweb	MESSAGE	blazeandcave:reward/eeuuwww	Видимое BACAP сообщение из bacap.zip:data/bacap_rewards/function/reward/mining/eeuuwww.mcfunction	
block.minecraft.redstone_lamp	block.minecraft.redstone_lamp	MESSAGE	blazeandcave:reward/electric	Видимое BACAP сообщение из bacap.zip:data/bacap_rewards/function/reward/building/electric.mcfunction	
block.minecraft.packed_mud	block.minecraft.packed_mud	MESSAGE	blazeandcave:reward/elmer_mudd	Видимое BACAP сообщение из bacap.zip:data/bacap_rewards/function/reward/building/elmer_mudd.mcfunction	
enchantment.minecraft.knockback	enchantment.minecraft.knockback	MESSAGE	blazeandcave:reward/enderman_destroyer	Видимое BACAP сообщение из bacap.zip:data/bacap_rewards/function/reward/monsters/enderman_destroyer.mcfunction	
block.minecraft.sea_lantern	block.minecraft.sea_lantern	MESSAGE	blazeandcave:reward/expensive	Видимое BACAP сообщение из bacap.zip:data/bacap_rewards/function/reward/building/expensive.mcfunction	
item.minecraft.bow	item.minecraft.bow	MESSAGE	blazeandcave:reward/factorio	Видимое BACAP сообщение из bacap.zip:data/bacap_rewards/function/reward/redstone/factorio.mcfunction	
block.minecraft.resin_block	block.minecraft.resin_block	MESSAGE	blazeandcave:reward/fake_copper	Видимое BACAP сообщение из bacap.zip:data/bacap_rewards/function/reward/biomes/fake_copper.mcfunction	
block.minecraft.nether_bricks	block.minecraft.nether_bricks	MESSAGE	blazeandcave:reward/fake_fortress	Видимое BACAP сообщение из bacap.zip:data/bacap_rewards/function/reward/building/fake_fortress.mcfunction	
block.minecraft.stone_bricks	block.minecraft.stone_bricks	MESSAGE	blazeandcave:reward/fake_stronghold	Видимое BACAP сообщение из bacap.zip:data/bacap_rewards/function/reward/building/fake_stronghold.mcfunction	
item.minecraft.cooked_mutton	item.minecraft.cooked_mutton	MESSAGE	blazeandcave:reward/feeling_sheepish	Видимое BACAP сообщение из bacap.zip:data/bacap_rewards/function/reward/animal/feeling_sheepish.mcfunction	
block.minecraft.lantern	block.minecraft.lantern	MESSAGE	blazeandcave:reward/festival_of_lights	Видимое BACAP сообщение из bacap.zip:data/bacap_rewards/function/reward/building/festival_of_lights.mcfunction	
block.minecraft.emerald_block	block.minecraft.emerald_block	MESSAGE	blazeandcave:reward/filthy_stinkin_rich	Видимое BACAP сообщение из bacap.zip:data/bacap_rewards/function/reward/adventure/filthy_stinkin_rich.mcfunction	
block.minecraft.end_rod	block.minecraft.end_rod	MESSAGE	blazeandcave:reward/fluorescent	Видимое BACAP сообщение из bacap.zip:data/bacap_rewards/function/reward/building/fluorescent.mcfunction	
enchantment.minecraft.aqua_affinity	enchantment.minecraft.aqua_affinity	MESSAGE	blazeandcave:reward/free_diver	Видимое BACAP сообщение из bacap.zip:data/bacap_rewards/function/reward/biomes/free_diver.mcfunction	
enchantment.minecraft.smite	enchantment.minecraft.smite	MESSAGE	blazeandcave:reward/freezing	Видимое BACAP сообщение из bacap.zip:data/bacap_rewards/function/reward/monsters/freezing.mcfunction	
block.minecraft.red_shulker_box	block.minecraft.red_shulker_box	MESSAGE	blazeandcave:reward/frequent_flyer	Видимое BACAP сообщение из bacap.zip:data/bacap_rewards/function/reward/statistics/frequent_flyer.mcfunction	
item.minecraft.enchanted_golden_apple	item.minecraft.enchanted_golden_apple	MESSAGE	blazeandcave:reward/fruit_of_the_looms	Видимое BACAP сообщение из bacap.zip:data/bacap_rewards/function/reward/building/fruit_of_the_looms.mcfunction	
item.minecraft.chorus_fruit	item.minecraft.chorus_fruit	MESSAGE	blazeandcave:reward/getting_chorus	Видимое BACAP сообщение из bacap.zip:data/bacap_rewards/function/reward/end/getting_chorus.mcfunction	
enchantment.minecraft.punch	enchantment.minecraft.punch	MESSAGE	blazeandcave:reward/ghast_slayer	Видимое BACAP сообщение из bacap.zip:data/bacap_rewards/function/reward/nether/ghast_slayer.mcfunction	
item.minecraft.spectral_arrow	item.minecraft.spectral_arrow	MESSAGE	blazeandcave:reward/glows_in_the_dark	Видимое BACAP сообщение из bacap.zip:data/bacap_rewards/function/reward/nether/glows_in_the_dark.mcfunction	
enchantment.minecraft.binding_curse	enchantment.minecraft.binding_curse	MESSAGE	blazeandcave:reward/handmade_blinding	Видимое BACAP сообщение из bacap.zip:data/bacap_rewards/function/reward/enchanting/handmade_blinding.mcfunction	
block.minecraft.clay	block.minecraft.clay	MESSAGE	blazeandcave:reward/harry_potter	Видимое BACAP сообщение из bacap.zip:data/bacap_rewards/function/reward/building/harry_potter.mcfunction	
block.minecraft.honeycomb_block	block.minecraft.honeycomb_block	MESSAGE	blazeandcave:reward/honey_im_home	Видимое BACAP сообщение из bacap.zip:data/bacap_rewards/function/reward/animal/honey_im_home.mcfunction	
item.minecraft.iron_horse_armor	item.minecraft.iron_horse_armor	MESSAGE	blazeandcave:reward/horse_training	Видимое BACAP сообщение из bacap.zip:data/bacap_rewards/function/reward/statistics/horse_training.mcfunction	
block.minecraft.sculk_shrieker	block.minecraft.sculk_shrieker	MESSAGE	blazeandcave:reward/house_of_freaks	Видимое BACAP сообщение из bacap.zip:data/bacap_rewards/function/reward/monsters/house_of_freaks.mcfunction	
enchantment.minecraft.fortune	enchantment.minecraft.fortune	MESSAGE	blazeandcave:reward/i_yearned_for_the_mines	Видимое BACAP сообщение из bacap.zip:data/bacap_rewards/function/reward/mining/i_yearned_for_the_mines.mcfunction	
block.minecraft.ochre_froglight	block.minecraft.ochre_froglight	MESSAGE	blazeandcave:reward/incandescent	Видимое BACAP сообщение из bacap.zip:data/bacap_rewards/function/reward/building/incandescent.mcfunction	
block.minecraft.pearlescent_froglight	block.minecraft.pearlescent_froglight	MESSAGE	blazeandcave:reward/incandescent	Видимое BACAP сообщение из bacap.zip:data/bacap_rewards/function/reward/building/incandescent.mcfunction	
block.minecraft.verdant_froglight	block.minecraft.verdant_froglight	MESSAGE	blazeandcave:reward/incandescent	Видимое BACAP сообщение из bacap.zip:data/bacap_rewards/function/reward/building/incandescent.mcfunction	
block.minecraft.pink_bed	block.minecraft.pink_bed	MESSAGE	blazeandcave:reward/insomniac	Видимое BACAP сообщение из bacap.zip:data/bacap_rewards/function/reward/building/insomniac.mcfunction	
item.minecraft.torchflower_seeds	item.minecraft.torchflower_seeds	MESSAGE	blazeandcave:reward/jurassic_sniff	Видимое BACAP сообщение из bacap.zip:data/bacap_rewards/function/reward/adventure/jurassic_sniff.mcfunction	
block.minecraft.kelp	block.minecraft.kelp	MESSAGE	blazeandcave:reward/kelp_me	Видимое BACAP сообщение из bacap.zip:data/bacap_rewards/function/reward/farming/kelp_me.mcfunction	
enchantment.level.5	enchantment.level.5	MESSAGE	blazeandcave:reward/kill_or_be_killed	Видимое BACAP сообщение из bacap.zip:data/bacap_rewards/function/reward/statistics/kill_or_be_killed.mcfunction	
block.minecraft.bookshelf	block.minecraft.bookshelf	MESSAGE	blazeandcave:reward/librarian	Видимое BACAP сообщение из bacap.zip:data/bacap_rewards/function/reward/enchanting/librarian.mcfunction	
block.minecraft.glow_lichen	block.minecraft.glow_lichen	MESSAGE	blazeandcave:reward/lichen_subscribe	Видимое BACAP сообщение из bacap.zip:data/bacap_rewards/function/reward/mining/lichen_subscribe.mcfunction	
item.minecraft.shears	item.minecraft.shears	MESSAGE	blazeandcave:reward/live_and_let_dye	Видимое BACAP сообщение из bacap.zip:data/bacap_rewards/function/reward/animal/live_and_let_dye.mcfunction	
block.minecraft.lodestone	block.minecraft.lodestone	MESSAGE	blazeandcave:reward/lodes_of_applications	Видимое BACAP сообщение из bacap.zip:data/bacap_rewards/function/reward/nether/lodes_of_applications.mcfunction	
enchantment.minecraft.fire_aspect	enchantment.minecraft.fire_aspect	MESSAGE	blazeandcave:reward/magma_cube_squisher	Видимое BACAP сообщение из bacap.zip:data/bacap_rewards/function/reward/nether/magma_cube_squisher.mcfunction	
block.minecraft.coal_block	block.minecraft.coal_block	MESSAGE	blazeandcave:reward/master_coal_miner	Видимое BACAP сообщение из bacap.zip:data/bacap_rewards/function/reward/mining/master_coal_miner.mcfunction	
block.minecraft.copper_block	block.minecraft.copper_block	MESSAGE	blazeandcave:reward/master_copper_miner	Видимое BACAP сообщение из bacap.zip:data/bacap_rewards/function/reward/mining/master_copper_miner.mcfunction	
block.minecraft.gold_block	block.minecraft.gold_block	MESSAGE	blazeandcave:reward/master_gold_miner	Видимое BACAP сообщение из bacap.zip:data/bacap_rewards/function/reward/mining/master_gold_miner.mcfunction	
item.minecraft.glistering_melon_slice	item.minecraft.glistering_melon_slice	MESSAGE	blazeandcave:reward/medic	Видимое BACAP сообщение из bacap.zip:data/bacap_rewards/function/reward/potion/medic.mcfunction	
enchantment.minecraft.projectile_protection	enchantment.minecraft.projectile_protection	MESSAGE	blazeandcave:reward/melting	Видимое BACAP сообщение из bacap.zip:data/bacap_rewards/function/reward/monsters/melting.mcfunction	
item.minecraft.milk_bucket	item.minecraft.milk_bucket	MESSAGE	blazeandcave:reward/milk_does_your_body_good	Видимое BACAP сообщение из bacap.zip:data/bacap_rewards/function/reward/animal/milk_does_your_body_good.mcfunction	
block.minecraft.brown_shulker_box	block.minecraft.brown_shulker_box	MESSAGE	blazeandcave:reward/monstrous_music	Видимое BACAP сообщение из bacap.zip:data/bacap_rewards/function/reward/redstone/monstrous_music.mcfunction	
block.minecraft.creeper_head	block.minecraft.creeper_head	MESSAGE	blazeandcave:reward/monstrous_music	Видимое BACAP сообщение из bacap.zip:data/bacap_rewards/function/reward/redstone/monstrous_music.mcfunction	
block.minecraft.piglin_head	block.minecraft.piglin_head	MESSAGE	blazeandcave:reward/monstrous_music	Видимое BACAP сообщение из bacap.zip:data/bacap_rewards/function/reward/redstone/monstrous_music.mcfunction	
block.minecraft.skeleton_skull	block.minecraft.skeleton_skull	MESSAGE	blazeandcave:reward/monstrous_music	Видимое BACAP сообщение из bacap.zip:data/bacap_rewards/function/reward/redstone/monstrous_music.mcfunction	
block.minecraft.zombie_head	block.minecraft.zombie_head	MESSAGE	blazeandcave:reward/monstrous_music	Видимое BACAP сообщение из bacap.zip:data/bacap_rewards/function/reward/redstone/monstrous_music.mcfunction	
block.minecraft.raw_copper_block	block.minecraft.raw_copper_block	MESSAGE	blazeandcave:reward/mr_bean	Видимое BACAP сообщение из bacap.zip:data/bacap_rewards/function/reward/mining/mr_bean.mcfunction	
block.minecraft.raw_gold_block	block.minecraft.raw_gold_block	MESSAGE	blazeandcave:reward/mr_bean	Видимое BACAP сообщение из bacap.zip:data/bacap_rewards/function/reward/mining/mr_bean.mcfunction	
block.minecraft.raw_iron_block	block.minecraft.raw_iron_block	MESSAGE	blazeandcave:reward/mr_bean	Видимое BACAP сообщение из bacap.zip:data/bacap_rewards/function/reward/mining/mr_bean.mcfunction	
block.minecraft.pumpkin	block.minecraft.pumpkin	MESSAGE	blazeandcave:reward/naturally_carved	Видимое BACAP сообщение из bacap.zip:data/bacap_rewards/function/reward/farming/naturally_carved.mcfunction	
item.minecraft.golden_sword	item.minecraft.golden_sword	MESSAGE	blazeandcave:reward/nerds_never_die	Видимое BACAP сообщение из bacap.zip:data/bacap_rewards/function/reward/adventure/nerds_never_die.mcfunction	
block.minecraft.chain	block.minecraft.chain	MESSAGE	blazeandcave:reward/no_chain_no_gain	Видимое BACAP сообщение из bacap.zip:data/bacap_rewards/function/reward/building/no_chain_no_gain.mcfunction	
block.minecraft.snow_block	block.minecraft.snow_block	MESSAGE	blazeandcave:reward/olaf	Видимое BACAP сообщение из bacap.zip:data/bacap_rewards/function/reward/farming/olaf.mcfunction	
block.minecraft.bone_block	block.minecraft.bone_block	MESSAGE	blazeandcave:reward/paleontologist	Видимое BACAP сообщение из bacap.zip:data/bacap_rewards/function/reward/monsters/paleontologist.mcfunction	
item.minecraft.stone_shovel	item.minecraft.stone_shovel	MESSAGE	blazeandcave:reward/pathways	Видимое BACAP сообщение из bacap.zip:data/bacap_rewards/function/reward/building/pathways.mcfunction	
item.minecraft.sugar	item.minecraft.sugar	MESSAGE	blazeandcave:reward/performance_enhancing_drugs	Видимое BACAP сообщение из bacap.zip:data/bacap_rewards/function/reward/potion/performance_enhancing_drugs.mcfunction	
item.minecraft.tipped_arrow.effect.poison	item.minecraft.tipped_arrow.effect.poison	MESSAGE	blazeandcave:reward/poison_dart	Видимое BACAP сообщение из bacap.zip:data/bacap_rewards/function/reward/monsters/poison_dart.mcfunction	
item.minecraft.cooked_porkchop	item.minecraft.cooked_porkchop	MESSAGE	blazeandcave:reward/pork_chop	Видимое BACAP сообщение из bacap.zip:data/bacap_rewards/function/reward/animal/pork_chop.mcfunction	
enchantment.minecraft.loyalty	enchantment.minecraft.loyalty	MESSAGE	blazeandcave:reward/poseidon_vs_hades	Видимое BACAP сообщение из bacap.zip:data/bacap_rewards/function/reward/weaponry/poseidon_vs_hades.mcfunction	
item.minecraft.brown_bundle	item.minecraft.brown_bundle	MESSAGE	blazeandcave:reward/pottery_exhibition	Видимое BACAP сообщение из bacap.zip:data/bacap_rewards/function/reward/adventure/pottery_exhibition.mcfunction	
of each kind of Pottery Sherd	of each kind of Pottery Sherd	MESSAGE	blazeandcave:reward/pottery_exhibition	Видимое BACAP сообщение из bacap.zip:data/bacap_rewards/function/reward/adventure/pottery_exhibition.mcfunction	
item.minecraft.powder_snow_bucket	item.minecraft.powder_snow_bucket	MESSAGE	blazeandcave:reward/powder_full	Видимое BACAP сообщение из bacap.zip:data/bacap_rewards/function/reward/biomes/powder_full.mcfunction	
block.minecraft.redstone_torch	block.minecraft.redstone_torch	MESSAGE	blazeandcave:reward/powerful_light	Видимое BACAP сообщение из bacap.zip:data/bacap_rewards/function/reward/redstone/powerful_light.mcfunction	
block.minecraft.soul_sand	block.minecraft.soul_sand	MESSAGE	blazeandcave:reward/quicksand	Видимое BACAP сообщение из bacap.zip:data/bacap_rewards/function/reward/nether/quicksand.mcfunction	
item.minecraft.quartz	item.minecraft.quartz	MESSAGE	blazeandcave:reward/quirky_quartz	Видимое BACAP сообщение из bacap.zip:data/bacap_rewards/function/reward/redstone/quirky_quartz.mcfunction	
item.minecraft.charcoal	item.minecraft.charcoal	MESSAGE	blazeandcave:reward/renewable_energy	Видимое BACAP сообщение из bacap.zip:data/bacap_rewards/function/reward/mining/renewable_energy.mcfunction	
item.minecraft.resin_clump	item.minecraft.resin_clump	MESSAGE	blazeandcave:reward/resinance	Видимое BACAP сообщение из bacap.zip:data/bacap_rewards/function/reward/biomes/resinance.mcfunction	
block.minecraft.turtle_egg	block.minecraft.turtle_egg	MESSAGE	blazeandcave:reward/save_the_turtles	Видимое BACAP сообщение из bacap.zip:data/bacap_rewards/function/reward/animal/save_the_turtles.mcfunction	
item.minecraft.glowstone_dust	item.minecraft.glowstone_dust	MESSAGE	blazeandcave:reward/seeing_stars	Видимое BACAP сообщение из bacap.zip:data/bacap_rewards/function/reward/nether/seeing_stars.mcfunction	
block.minecraft.candle	block.minecraft.candle	MESSAGE	blazeandcave:reward/setting_up_the_mood	Видимое BACAP сообщение из bacap.zip:data/bacap_rewards/function/reward/building/setting_up_the_mood.mcfunction	
item.minecraft.book	item.minecraft.book	MESSAGE	blazeandcave:reward/shelf_expression	Видимое BACAP сообщение из bacap.zip:data/bacap_rewards/function/reward/building/shelf_expression.mcfunction	
block.minecraft.shroomlight	block.minecraft.shroomlight	MESSAGE	blazeandcave:reward/shroom_lightyear	Видимое BACAP сообщение из bacap.zip:data/bacap_rewards/function/reward/building/shroom_lightyear.mcfunction	
block.minecraft.gray_wool	block.minecraft.gray_wool	MESSAGE	blazeandcave:reward/silence_of_the_lambs	Видимое BACAP сообщение из bacap.zip:data/bacap_rewards/function/reward/animal/silence_of_the_lambs.mcfunction	
item.minecraft.lava_bucket	item.minecraft.lava_bucket	MESSAGE	blazeandcave:reward/skyblock	Видимое BACAP сообщение из bacap.zip:data/bacap_rewards/function/reward/building/skyblock.mcfunction	
enchantment.minecraft.respiration	enchantment.minecraft.respiration	MESSAGE	blazeandcave:reward/sleep_with_the_fishes	Видимое BACAP сообщение из bacap.zip:data/bacap_rewards/function/reward/biomes/sleep_with_the_fishes.mcfunction	
block.minecraft.gray_shulker_box	block.minecraft.gray_shulker_box	MESSAGE	blazeandcave:reward/smithing_with_style	Видимое BACAP сообщение из bacap.zip:data/bacap_rewards/function/reward/adventure/smithing_with_style.mcfunction	
of each kind of Smithing Template	of each kind of Smithing Template	MESSAGE	blazeandcave:reward/smithing_with_style	Видимое BACAP сообщение из bacap.zip:data/bacap_rewards/function/reward/adventure/smithing_with_style.mcfunction	
item.minecraft.snowball	item.minecraft.snowball	MESSAGE	blazeandcave:reward/snowball_fight	Видимое BACAP сообщение из bacap.zip:data/bacap_rewards/function/reward/weaponry/snowball_fight.mcfunction	
item.minecraft.beetroot	item.minecraft.beetroot	MESSAGE	blazeandcave:reward/souperman	Видимое BACAP сообщение из bacap.zip:data/bacap_rewards/function/reward/farming/souperman.mcfunction	
enchantment.minecraft.protection	enchantment.minecraft.protection	MESSAGE	blazeandcave:reward/spider_smasher	Видимое BACAP сообщение из bacap.zip:data/bacap_rewards/function/reward/monsters/spider_smasher.mcfunction	
block.minecraft.packed_ice	block.minecraft.packed_ice	MESSAGE	blazeandcave:reward/spike_ice	Видимое BACAP сообщение из bacap.zip:data/bacap_rewards/function/reward/biomes/spike_ice.mcfunction	
block.minecraft.sponge	block.minecraft.sponge	MESSAGE	blazeandcave:reward/sponge_miner	Видимое BACAP сообщение из bacap.zip:data/bacap_rewards/function/reward/adventure/sponge_miner.mcfunction	
block.minecraft.chest	block.minecraft.chest	MESSAGE	blazeandcave:reward/stationary_storage	Видимое BACAP сообщение из bacap.zip:data/bacap_rewards/function/reward/building/stationary_storage.mcfunction	
block.minecraft.magma_block	block.minecraft.magma_block	MESSAGE	blazeandcave:reward/stepping_on_legos	Видимое BACAP сообщение из bacap.zip:data/bacap_rewards/function/reward/nether/stepping_on_legos.mcfunction	
block.minecraft.cobbled_deepslate	block.minecraft.cobbled_deepslate	MESSAGE	blazeandcave:reward/stone_age	Видимое BACAP сообщение из bacap.zip:data/bacap_rewards/function/reward/mining/stone_age.mcfunction	
block.minecraft.stone	block.minecraft.stone	MESSAGE	blazeandcave:reward/stone_age	Видимое BACAP сообщение из bacap.zip:data/bacap_rewards/function/reward/mining/stone_age.mcfunction	
block.minecraft.mud	block.minecraft.mud	MESSAGE	blazeandcave:reward/stuck_in_the_mud	Видимое BACAP сообщение из bacap.zip:data/bacap_rewards/function/reward/building/stuck_in_the_mud.mcfunction	
block.minecraft.sugar_cane	block.minecraft.sugar_cane	MESSAGE	blazeandcave:reward/sugar_sugar	Видимое BACAP сообщение из bacap.zip:data/bacap_rewards/function/reward/farming/sugar_sugar.mcfunction	
item.minecraft.blaze_powder	item.minecraft.blaze_powder	MESSAGE	blazeandcave:reward/super_strength	Видимое BACAP сообщение из bacap.zip:data/bacap_rewards/function/reward/potion/super_strength.mcfunction	
enchantment.minecraft.riptide	enchantment.minecraft.riptide	MESSAGE	blazeandcave:reward/the_aquatic_hunter	Видимое BACAP сообщение из bacap.zip:data/bacap_rewards/function/reward/weaponry/the_aquatic_hunter.mcfunction	
block.minecraft.wet_sponge	block.minecraft.wet_sponge	MESSAGE	blazeandcave:reward/the_deep_end	Видимое BACAP сообщение из bacap.zip:data/bacap_rewards/function/reward/adventure/the_deep_end.mcfunction	
block.minecraft.sculk	block.minecraft.sculk	MESSAGE	blazeandcave:reward/the_incredible_sculk	Видимое BACAP сообщение из bacap.zip:data/bacap_rewards/function/reward/redstone/the_incredible_sculk.mcfunction	
item.minecraft.melon_slice	item.minecraft.melon_slice	MESSAGE	blazeandcave:reward/the_melon_the_melon_the_melon	Видимое BACAP сообщение из bacap.zip:data/bacap_rewards/function/reward/farming/the_melon_the_melon_the_melon.mcfunction	
block.minecraft.melon	block.minecraft.melon	MESSAGE	blazeandcave:reward/the_meloncholy_dane	Видимое BACAP сообщение из bacap.zip:data/bacap_rewards/function/reward/farming/the_meloncholy_dane.mcfunction	
item.minecraft.pumpkin_pie	item.minecraft.pumpkin_pie	MESSAGE	blazeandcave:reward/the_pie	Видимое BACAP сообщение из bacap.zip:data/bacap_rewards/function/reward/farming/the_pie.mcfunction	
block.minecraft.gravel	block.minecraft.gravel	MESSAGE	blazeandcave:reward/the_rainbow_you_always_wanted	Видимое BACAP сообщение из bacap.zip:data/bacap_rewards/function/reward/building/the_rainbow_you_always_wanted.mcfunction	
block.minecraft.black_candle	block.minecraft.black_candle	MESSAGE	blazeandcave:reward/the_ritual_begins	Видимое BACAP сообщение из bacap.zip:data/bacap_rewards/function/reward/building/the_ritual_begins.mcfunction	
block.minecraft.sunflower	block.minecraft.sunflower	MESSAGE	blazeandcave:reward/theres_a_zombie_on_the_lawn	Видимое BACAP сообщение из bacap.zip:data/bacap_rewards/function/reward/biomes/theres_a_zombie_on_the_lawn.mcfunction	
block.minecraft.blue_ice	block.minecraft.blue_ice	MESSAGE	blazeandcave:reward/thick_ice	Видимое BACAP сообщение из bacap.zip:data/bacap_rewards/function/reward/biomes/thick_ice.mcfunction	
item.minecraft.netherite_upgrade_smithing_template	item.minecraft.netherite_upgrade_smithing_template	MESSAGE	blazeandcave:reward/time_to_upgrade	Видимое BACAP сообщение из bacap.zip:data/bacap_rewards/function/reward/nether/time_to_upgrade.mcfunction	
block.minecraft.scaffolding	block.minecraft.scaffolding	MESSAGE	blazeandcave:reward/top_of_the_world	Видимое BACAP сообщение из bacap.zip:data/bacap_rewards/function/reward/biomes/top_of_the_world.mcfunction	
item.minecraft.fishing_rod	item.minecraft.fishing_rod	MESSAGE	blazeandcave:reward/totally_not_an_afk_fisher	Видимое BACAP сообщение из bacap.zip:data/bacap_rewards/function/reward/animal/totally_not_an_afk_fisher.mcfunction	
block.minecraft.sculk_sensor	block.minecraft.sculk_sensor	MESSAGE	blazeandcave:reward/vibe_check	Видимое BACAP сообщение из bacap.zip:data/bacap_rewards/function/reward/redstone/vibe_check.mcfunction	
item.minecraft.mutton	item.minecraft.mutton	MESSAGE	blazeandcave:reward/wooly	Видимое BACAP сообщение из bacap.zip:data/bacap_rewards/function/reward/animal/wooly.mcfunction	
block.minecraft.acacia_log	block.minecraft.acacia_log	MESSAGE		Видимое BACAP сообщение из bacap.zip:data/bacap_rewards/function/reward/bacap/getting_wood.mcfunction; используется в 3 местах	
block.minecraft.ancient_debris	block.minecraft.ancient_debris	MESSAGE		Видимое BACAP сообщение из bacap.zip:data/bacap_rewards/function/reward/nether/diamonds_are_not_forever.mcfunction; используется в 4 местах	
block.minecraft.bamboo	block.minecraft.bamboo	MESSAGE		Видимое BACAP сообщение из bacap.zip:data/bacap_rewards/function/reward/biomes/zoologist.mcfunction; используется в 2 местах	
block.minecraft.big_dripleaf	block.minecraft.big_dripleaf	MESSAGE		Видимое BACAP сообщение из bacap.zip:data/bacap_rewards/function/reward/mining/leaflet_drop.mcfunction; используется в 2 местах	
block.minecraft.birch_log	block.minecraft.birch_log	MESSAGE		Видимое BACAP сообщение из bacap.zip:data/bacap_rewards/function/reward/bacap/getting_wood.mcfunction; используется в 3 местах	
block.minecraft.blackstone	block.minecraft.blackstone	MESSAGE		Видимое BACAP сообщение из bacap.zip:data/bacap_rewards/function/reward/building/blackstonehenge.mcfunction; используется в 2 местах	
block.minecraft.brown_mushroom	block.minecraft.brown_mushroom	MESSAGE		Видимое BACAP сообщение из bacap.zip:data/bacap_rewards/function/reward/farming/im_gonna_be_sick.mcfunction; используется в 4 местах	
block.minecraft.cactus	block.minecraft.cactus	MESSAGE		Видимое BACAP сообщение из bacap.zip:data/bacap_rewards/function/reward/animal/hump_day.mcfunction; используется в 2 местах	
block.minecraft.cake	block.minecraft.cake	MESSAGE		Видимое BACAP сообщение из bacap.zip:data/bacap_rewards/function/reward/adventure/birthday_song.mcfunction; используется в 3 местах	
block.minecraft.carved_pumpkin	block.minecraft.carved_pumpkin	MESSAGE		Видимое BACAP сообщение из bacap.zip:data/bacap_rewards/function/reward/farming/olaf.mcfunction; используется в 3 местах	
block.minecraft.cherry_log	block.minecraft.cherry_log	MESSAGE		Видимое BACAP сообщение из bacap.zip:data/bacap_rewards/function/reward/bacap/getting_wood.mcfunction; используется в 3 местах	
block.minecraft.chorus_flower	block.minecraft.chorus_flower	MESSAGE		Видимое BACAP сообщение из bacap.zip:data/bacap_rewards/function/reward/end/extrabiologist.mcfunction; используется в 2 местах	
block.minecraft.cobblestone	block.minecraft.cobblestone	MESSAGE		Видимое BACAP сообщение из bacap.zip:data/bacap_rewards/function/reward/building/rock_collection.mcfunction; используется в 4 местах	
block.minecraft.crafter	block.minecraft.crafter	MESSAGE		Видимое BACAP сообщение из bacap.zip:data/bacap_rewards/function/reward/redstone/craftception.mcfunction; используется в 2 местах	
block.minecraft.crimson_fungus	block.minecraft.crimson_fungus	MESSAGE		Видимое BACAP сообщение из bacap.zip:data/bacap_rewards/function/reward/nether/hell_botanist.mcfunction; используется в 2 местах	
block.minecraft.crimson_stem	block.minecraft.crimson_stem	MESSAGE		Видимое BACAP сообщение из bacap.zip:data/bacap_rewards/function/reward/building/a_good_start.mcfunction; используется в 3 местах	
block.minecraft.crying_obsidian	block.minecraft.crying_obsidian	MESSAGE		Видимое BACAP сообщение из bacap.zip:data/bacap_rewards/function/reward/end/unending_hell.mcfunction; используется в 2 местах	
block.minecraft.dark_oak_log	block.minecraft.dark_oak_log	MESSAGE		Видимое BACAP сообщение из bacap.zip:data/bacap_rewards/function/reward/bacap/getting_wood.mcfunction; используется в 3 местах	
block.minecraft.deepslate	block.minecraft.deepslate	MESSAGE		Видимое BACAP сообщение из bacap.zip:data/bacap_rewards/function/reward/building/deepslate_conspiracy.mcfunction; используется в 2 местах	
block.minecraft.diamond_block	block.minecraft.diamond_block	MESSAGE		Видимое BACAP сообщение из bacap.zip:data/bacap_rewards/function/reward/adventure/stacked_smither.mcfunction; используется в 2 местах	
block.minecraft.dragon_head	block.minecraft.dragon_head	MESSAGE		Видимое BACAP сообщение из bacap.zip:data/bacap_rewards/function/reward/end/good_luck_getting_this_one.mcfunction; используется в 3 местах	
block.minecraft.dried_kelp_block	block.minecraft.dried_kelp_block	MESSAGE		Видимое BACAP сообщение из bacap.zip:data/bacap_rewards/function/reward/farming/aquatic_biofuel.mcfunction; используется в 3 местах	
block.minecraft.gilded_blackstone	block.minecraft.gilded_blackstone	MESSAGE		Видимое BACAP сообщение из bacap.zip:data/bacap_rewards/function/reward/nether/gilded_miner.mcfunction; используется в 2 местах	
block.minecraft.glass	block.minecraft.glass	MESSAGE		Видимое BACAP сообщение из bacap.zip:data/bacap_rewards/function/reward/building/classy_glassy.mcfunction; используется в 4 местах	
block.minecraft.glowstone	block.minecraft.glowstone	MESSAGE		Видимое BACAP сообщение из bacap.zip:data/bacap_rewards/function/reward/building/glowing.mcfunction; используется в 3 местах	
block.minecraft.hay_block	block.minecraft.hay_block	MESSAGE		Видимое BACAP сообщение из bacap.zip:data/bacap_rewards/function/reward/animal/heavy_duty_caravan.mcfunction; используется в 5 местах	
block.minecraft.honey_block	block.minecraft.honey_block	MESSAGE		Видимое BACAP сообщение из bacap.zip:data/bacap_rewards/function/reward/animal/sticky_situation.mcfunction; используется в 2 местах	
block.minecraft.ice	block.minecraft.ice	MESSAGE		Видимое BACAP сообщение из bacap.zip:data/bacap_rewards/function/reward/biomes/everybody_loves_ice.mcfunction; используется в 2 местах	
block.minecraft.iron_block	block.minecraft.iron_block	MESSAGE		Видимое BACAP сообщение из bacap.zip:data/bacap_rewards/function/reward/adventure/body_guard.mcfunction; используется в 5 местах	
block.minecraft.jack_o_lantern	block.minecraft.jack_o_lantern	MESSAGE		Видимое BACAP сообщение из bacap.zip:data/bacap_rewards/function/reward/building/halloween.mcfunction; используется в 2 местах	
block.minecraft.jungle_log	block.minecraft.jungle_log	MESSAGE		Видимое BACAP сообщение из bacap.zip:data/bacap_rewards/function/reward/bacap/getting_wood.mcfunction; используется в 3 местах	
block.minecraft.lapis_block	block.minecraft.lapis_block	MESSAGE		Видимое BACAP сообщение из bacap.zip:data/bacap_rewards/function/reward/mining/lapis_lazuli_miner.mcfunction; используется в 3 местах	
block.minecraft.mangrove_log	block.minecraft.mangrove_log	MESSAGE		Видимое BACAP сообщение из bacap.zip:data/bacap_rewards/function/reward/bacap/getting_wood.mcfunction; используется в 3 местах	
block.minecraft.mangrove_propagule	block.minecraft.mangrove_propagule	MESSAGE		Видимое BACAP сообщение из bacap.zip:data/bacap_rewards/function/reward/farming/a_mangrove_grove.mcfunction; используется в 2 местах	
block.minecraft.note_block	block.minecraft.note_block	MESSAGE		Видимое BACAP сообщение из bacap.zip:data/bacap_rewards/function/reward/redstone/monstrous_music.mcfunction; используется в 3 местах	
block.minecraft.oak_log	block.minecraft.oak_log	MESSAGE		Видимое BACAP сообщение из bacap.zip:data/bacap_rewards/function/reward/bacap/getting_wood.mcfunction; используется в 3 местах	
block.minecraft.oak_sapling	block.minecraft.oak_sapling	MESSAGE		Видимое BACAP сообщение из bacap.zip:data/bacap_rewards/function/reward/building/skyblock.mcfunction; используется в 2 местах	
block.minecraft.obsidian	block.minecraft.obsidian	MESSAGE		Видимое BACAP сообщение из bacap.zip:data/bacap_rewards/function/reward/mining/ice_bucket_challenge.mcfunction; используется в 3 местах	
block.minecraft.pale_oak_log	block.minecraft.pale_oak_log	MESSAGE		Видимое BACAP сообщение из bacap.zip:data/bacap_rewards/function/reward/bacap/getting_wood.mcfunction; используется в 3 местах	
block.minecraft.pointed_dripstone	block.minecraft.pointed_dripstone	MESSAGE		Видимое BACAP сообщение из bacap.zip:data/bacap_rewards/function/reward/mining/dripstone_drop.mcfunction; используется в 2 местах	
block.minecraft.powered_rail	block.minecraft.powered_rail	MESSAGE		Видимое BACAP сообщение из bacap.zip:data/bacap_rewards/function/reward/redstone/electric_rails.mcfunction; используется в 2 местах	
block.minecraft.quartz_block	block.minecraft.quartz_block	MESSAGE		Видимое BACAP сообщение из bacap.zip:data/bacap_rewards/function/reward/building/greek_art_decor.mcfunction; используется в 2 местах	
block.minecraft.rail	block.minecraft.rail	MESSAGE		Видимое BACAP сообщение из bacap.zip:data/bacap_rewards/function/reward/redstone/all_aboard.mcfunction; используется в 3 местах	
block.minecraft.red_mushroom	block.minecraft.red_mushroom	MESSAGE		Видимое BACAP сообщение из bacap.zip:data/bacap_rewards/function/reward/farming/im_gonna_be_sick.mcfunction; используется в 4 местах	
block.minecraft.red_sand	block.minecraft.red_sand	MESSAGE		Видимое BACAP сообщение из bacap.zip:data/bacap_rewards/function/reward/building/built_on_sand_set_in_stone.mcfunction; используется в 2 местах	
block.minecraft.redstone_block	block.minecraft.redstone_block	MESSAGE		Видимое BACAP сообщение из bacap.zip:data/bacap_rewards/function/reward/mining/redstone_miner.mcfunction; используется в 2 местах	
block.minecraft.sand	block.minecraft.sand	MESSAGE		Видимое BACAP сообщение из bacap.zip:data/bacap_rewards/function/reward/building/built_on_sand_set_in_stone.mcfunction; используется в 4 местах	
block.minecraft.sculk_catalyst	block.minecraft.sculk_catalyst	MESSAGE		Видимое BACAP сообщение из bacap.zip:data/bacap_rewards/function/reward/monsters/not_afraid_of_heights.mcfunction; используется в 3 местах	
block.minecraft.sea_pickle	block.minecraft.sea_pickle	MESSAGE		Видимое BACAP сообщение из bacap.zip:data/bacap_rewards/function/reward/biomes/in_a_pickle.mcfunction; используется в 2 местах	
block.minecraft.slime_block	block.minecraft.slime_block	MESSAGE		Видимое BACAP сообщение из bacap.zip:data/bacap_rewards/function/reward/monsters/oh_no_guys_im_oozing.mcfunction; используется в 2 местах	
block.minecraft.spruce_log	block.minecraft.spruce_log	MESSAGE		Видимое BACAP сообщение из bacap.zip:data/bacap_rewards/function/reward/bacap/getting_wood.mcfunction; используется в 3 местах	
block.minecraft.spruce_sapling	block.minecraft.spruce_sapling	MESSAGE		Видимое BACAP сообщение из bacap.zip:data/bacap_rewards/function/reward/adventure/evelyn_evergreen.mcfunction; используется в 2 местах	
block.minecraft.terracotta	block.minecraft.terracotta	MESSAGE		Видимое BACAP сообщение из bacap.zip:data/bacap_rewards/function/reward/building/the_glazed_terracotta_army.mcfunction; используется в 2 местах	
block.minecraft.tnt	block.minecraft.tnt	MESSAGE		Видимое BACAP сообщение из bacap.zip:data/bacap_rewards/function/reward/redstone/we_have_liftoff.mcfunction; используется в 3 местах	
block.minecraft.torch	block.minecraft.torch	MESSAGE		Видимое BACAP сообщение из bacap.zip:data/bacap_rewards/function/reward/building/torched.mcfunction; используется в 2 местах	
block.minecraft.warped_fungus	block.minecraft.warped_fungus	MESSAGE		Видимое BACAP сообщение из bacap.zip:data/bacap_rewards/function/reward/nether/bobbleheads.mcfunction; используется в 9 местах	
block.minecraft.warped_stem	block.minecraft.warped_stem	MESSAGE		Видимое BACAP сообщение из bacap.zip:data/bacap_rewards/function/reward/building/a_good_start.mcfunction; используется в 3 местах	
block.minecraft.white_wool	block.minecraft.white_wool	MESSAGE		Видимое BACAP сообщение из bacap.zip:data/bacap_rewards/function/reward/animal/fuzzy_feet.mcfunction; используется в 7 местах	
block.minecraft.wither_skeleton_skull	block.minecraft.wither_skeleton_skull	MESSAGE		Видимое BACAP сообщение из bacap.zip:data/bacap_rewards/function/reward/end/the_beginning.mcfunction; используется в 3 местах	
enchantment.level.1	enchantment.level.1	MESSAGE		Видимое BACAP сообщение из bacap.zip:data/bacap_rewards/function/reward/monsters/creeper_killer.mcfunction; используется в 4 местах	
enchantment.level.2	enchantment.level.2	MESSAGE		Видимое BACAP сообщение из bacap.zip:data/bacap_rewards/function/reward/enchanting/ill_be_back.mcfunction; используется в 12 местах	
enchantment.level.3	enchantment.level.3	MESSAGE		Видимое BACAP сообщение из bacap.zip:data/bacap_rewards/function/reward/animal/its_high_noon.mcfunction; используется в 13 местах	
enchantment.level.4	enchantment.level.4	MESSAGE		Видимое BACAP сообщение из bacap.zip:data/bacap_rewards/function/reward/end/uh_houston_we_have_a_problem.mcfunction; используется в 2 местах	
enchantment.minecraft.efficiency	enchantment.minecraft.efficiency	MESSAGE		Видимое BACAP сообщение из bacap.zip:data/bacap_rewards/function/reward/mining/bottom_to_top.mcfunction; используется в 2 местах	
enchantment.minecraft.feather_falling	enchantment.minecraft.feather_falling	MESSAGE		Видимое BACAP сообщение из bacap.zip:data/bacap_rewards/function/reward/end/sky_high.mcfunction; используется в 5 местах	
enchantment.minecraft.infinity	enchantment.minecraft.infinity	MESSAGE		Видимое BACAP сообщение из bacap.zip:data/bacap_rewards/function/reward/redstone/bullseye.mcfunction; используется в 2 местах	
enchantment.minecraft.looting	enchantment.minecraft.looting	MESSAGE		Видимое BACAP сообщение из bacap.zip:data/bacap_rewards/function/reward/monsters/creeper_killer.mcfunction; используется в 2 местах	
enchantment.minecraft.mending	enchantment.minecraft.mending	MESSAGE		Видимое BACAP сообщение из bacap.zip:data/bacap_rewards/function/reward/animal/totally_not_an_afk_fisher.mcfunction; используется в 2 местах	
enchantment.minecraft.power	enchantment.minecraft.power	MESSAGE		Видимое BACAP сообщение из bacap.zip:data/bacap_rewards/function/reward/animal/its_high_noon.mcfunction; используется в 6 местах	
enchantment.minecraft.sharpness	enchantment.minecraft.sharpness	MESSAGE		Видимое BACAP сообщение из bacap.zip:data/bacap_rewards/function/reward/enchanting/this_name_sounds_cooler.mcfunction; используется в 5 местах	
enchantment.minecraft.silk_touch	enchantment.minecraft.silk_touch	MESSAGE		Видимое BACAP сообщение из bacap.zip:data/bacap_rewards/function/reward/animal/mushroom_scientist.mcfunction; используется в 2 местах	
enchantment.minecraft.unbreaking	enchantment.minecraft.unbreaking	MESSAGE		Видимое BACAP сообщение из bacap.zip:data/bacap_rewards/function/reward/challenges/ad_astra.mcfunction; используется в 2 местах	
item.minecraft.amethyst_shard	item.minecraft.amethyst_shard	MESSAGE		Видимое BACAP сообщение из bacap.zip:data/bacap_rewards/function/reward/adventure/and_make_it_double.mcfunction; используется в 4 местах	
item.minecraft.apple	item.minecraft.apple	MESSAGE		Видимое BACAP сообщение из bacap.zip:data/bacap_rewards/function/reward/farming/an_apple_a_day.mcfunction; используется в 2 местах	
item.minecraft.armadillo_scute	item.minecraft.armadillo_scute	MESSAGE		Видимое BACAP сообщение из bacap.zip:data/bacap_rewards/function/reward/animal/good_as_new.mcfunction; используется в 3 местах	
item.minecraft.arrow	item.minecraft.arrow	MESSAGE		Видимое BACAP сообщение из bacap.zip:data/bacap_rewards/function/reward/enchanting/ill_be_back.mcfunction; используется в 11 местах	
item.minecraft.beef	item.minecraft.beef	MESSAGE		Видимое BACAP сообщение из bacap.zip:data/bacap_rewards/function/reward/animal/super_mooshroom.mcfunction; используется в 2 местах	
item.minecraft.blaze_rod	item.minecraft.blaze_rod	MESSAGE		Видимое BACAP сообщение из bacap.zip:data/bacap_rewards/function/reward/nether/blaze_extinguisher.mcfunction; используется в 5 местах	
item.minecraft.bone	item.minecraft.bone	MESSAGE		Видимое BACAP сообщение из bacap.zip:data/bacap_rewards/function/reward/animal/leader_of_the_pack.mcfunction; используется в 8 местах	
item.minecraft.bone_meal	item.minecraft.bone_meal	MESSAGE		Видимое BACAP сообщение из bacap.zip:data/bacap_rewards/function/reward/building/harry_potter.mcfunction; используется в 9 местах	
item.minecraft.breeze_rod	item.minecraft.breeze_rod	MESSAGE		Видимое BACAP сообщение из bacap.zip:data/bacap_rewards/function/reward/adventure/blowback.mcfunction; используется в 3 местах	
item.minecraft.carrot	item.minecraft.carrot	MESSAGE		Видимое BACAP сообщение из bacap.zip:data/bacap_rewards/function/reward/animal/swine_sailing.mcfunction; используется в 4 местах	
item.minecraft.chicken	item.minecraft.chicken	MESSAGE		Видимое BACAP сообщение из bacap.zip:data/bacap_rewards/function/reward/animal/chicken_cooper.mcfunction; используется в 3 местах	
item.minecraft.coal	item.minecraft.coal	MESSAGE		Видимое BACAP сообщение из bacap.zip:data/bacap_rewards/function/reward/mining/coal_miner.mcfunction; используется в 3 местах	
item.minecraft.cocoa_beans	item.minecraft.cocoa_beans	MESSAGE		Видимое BACAP сообщение из bacap.zip:data/bacap_rewards/function/reward/farming/hot_chocolate.mcfunction; используется в 2 местах	
item.minecraft.cod	item.minecraft.cod	MESSAGE		Видимое BACAP сообщение из bacap.zip:data/bacap_rewards/function/reward/adventure/crazy_cat_lady.mcfunction; используется в 5 местах	
item.minecraft.cooked_beef	item.minecraft.cooked_beef	MESSAGE		Видимое BACAP сообщение из bacap.zip:data/bacap_rewards/function/reward/animal/high_steaks.mcfunction; используется в 2 местах	
item.minecraft.cooked_chicken	item.minecraft.cooked_chicken	MESSAGE		Видимое BACAP сообщение из bacap.zip:data/bacap_rewards/function/reward/animal/so_good.mcfunction; используется в 2 местах	
item.minecraft.cooked_rabbit	item.minecraft.cooked_rabbit	MESSAGE		Видимое BACAP сообщение из bacap.zip:data/bacap_rewards/function/reward/animal/going_down_the_rabbit_hole.mcfunction; используется в 3 местах	
item.minecraft.cooked_salmon	item.minecraft.cooked_salmon	MESSAGE		Видимое BACAP сообщение из bacap.zip:data/bacap_rewards/function/reward/animal/delicious_fish.mcfunction; используется в 2 местах	
item.minecraft.copper_ingot	item.minecraft.copper_ingot	MESSAGE		Видимое BACAP сообщение из bacap.zip:data/bacap_rewards/function/reward/mining/budget_channeling.mcfunction; используется в 3 местах	
item.minecraft.diamond	item.minecraft.diamond	MESSAGE		Видимое BACAP сообщение из bacap.zip:data/bacap_rewards/function/reward/adventure/beethoven.mcfunction; используется в 24 местах	
item.minecraft.dragon_breath	item.minecraft.dragon_breath	MESSAGE		Видимое BACAP сообщение из bacap.zip:data/bacap_rewards/function/reward/potion/furious_ammunition.mcfunction; используется в 5 местах	
item.minecraft.echo_shard	item.minecraft.echo_shard	MESSAGE		Видимое BACAP сообщение из bacap.zip:data/bacap_rewards/function/reward/adventure/diagon_allay.mcfunction; используется в 7 местах	
item.minecraft.egg	item.minecraft.egg	MESSAGE		Видимое BACAP сообщение из bacap.zip:data/bacap_rewards/function/reward/animal/feeding_the_chickens.mcfunction; используется в 3 местах	
item.minecraft.elytra	item.minecraft.elytra	MESSAGE		Видимое BACAP сообщение из bacap.zip:data/bacap_rewards/function/reward/challenges/ad_astra.mcfunction; используется в 3 местах	
item.minecraft.emerald	item.minecraft.emerald	MESSAGE		Видимое BACAP сообщение из bacap.zip:data/bacap_rewards/function/reward/adventure/businessman.mcfunction; используется в 43 местах	
item.minecraft.enchanted_book	item.minecraft.enchanted_book	MESSAGE		Видимое BACAP сообщение из bacap.zip:data/bacap_rewards/function/reward/animal/its_high_noon.mcfunction; используется в 39 местах	
item.minecraft.end_crystal	item.minecraft.end_crystal	MESSAGE		Видимое BACAP сообщение из bacap.zip:data/bacap_rewards/function/reward/end/the_end_again.mcfunction; используется в 2 местах	
item.minecraft.ender_eye	item.minecraft.ender_eye	MESSAGE		Видимое BACAP сообщение из bacap.zip:data/bacap_rewards/function/reward/nether/enders_chest.mcfunction; используется в 2 местах	
item.minecraft.ender_pearl	item.minecraft.ender_pearl	MESSAGE		Видимое BACAP сообщение из bacap.zip:data/bacap_rewards/function/reward/adventure/genesis_of_the_end.mcfunction; используется в 9 местах	
item.minecraft.feather	item.minecraft.feather	MESSAGE		Видимое BACAP сообщение из bacap.zip:data/bacap_rewards/function/reward/animal/tickle_time.mcfunction; используется в 2 местах	
item.minecraft.fermented_spider_eye	item.minecraft.fermented_spider_eye	MESSAGE		Видимое BACAP сообщение из bacap.zip:data/bacap_rewards/function/reward/monsters/the_ghastly_eyes.mcfunction; используется в 2 местах	
item.minecraft.firework_rocket	item.minecraft.firework_rocket	MESSAGE		Видимое BACAP сообщение из bacap.zip:data/bacap_rewards/function/reward/end/divers_dozen.mcfunction; используется в 6 местах	
item.minecraft.flint	item.minecraft.flint	MESSAGE		Видимое BACAP сообщение из bacap.zip:data/bacap_rewards/function/reward/mining/bonfire_night.mcfunction; используется в 4 местах	
item.minecraft.ghast_tear	item.minecraft.ghast_tear	MESSAGE		Видимое BACAP сообщение из bacap.zip:data/bacap_rewards/function/reward/nether/bring_down_the_beast.mcfunction; используется в 9 местах	
item.minecraft.glow_ink_sac	item.minecraft.glow_ink_sac	MESSAGE		Видимое BACAP сообщение из bacap.zip:data/bacap_rewards/function/reward/animal/cephalight.mcfunction; используется в 2 местах	
item.minecraft.gold_ingot	item.minecraft.gold_ingot	MESSAGE		Видимое BACAP сообщение из bacap.zip:data/bacap_rewards/function/reward/adventure/overpowered.mcfunction; используется в 16 местах	
item.minecraft.gold_nugget	item.minecraft.gold_nugget	MESSAGE		Видимое BACAP сообщение из bacap.zip:data/bacap_rewards/function/reward/nether/nugget_in_a_biscuit.mcfunction; используется в 2 местах	
item.minecraft.golden_apple	item.minecraft.golden_apple	MESSAGE		Видимое BACAP сообщение из bacap.zip:data/bacap_rewards/function/reward/animal/so_hungry_i_could_eat_a_horse.mcfunction; используется в 6 местах	
item.minecraft.golden_carrot	item.minecraft.golden_carrot	MESSAGE		Видимое BACAP сообщение из bacap.zip:data/bacap_rewards/function/reward/adventure/shady_deals.mcfunction; используется в 4 местах	
item.minecraft.golden_horse_armor	item.minecraft.golden_horse_armor	MESSAGE		Видимое BACAP сообщение из bacap.zip:data/bacap_rewards/function/reward/animal/its_high_noon.mcfunction; используется в 2 местах	
item.minecraft.gunpowder	item.minecraft.gunpowder	MESSAGE		Видимое BACAP сообщение из bacap.zip:data/bacap_rewards/function/reward/end/rocketman.mcfunction; используется в 13 местах	
item.minecraft.honey_bottle	item.minecraft.honey_bottle	MESSAGE		Видимое BACAP сообщение из bacap.zip:data/bacap_rewards/function/reward/animal/nest_quick.mcfunction; используется в 2 местах	
item.minecraft.honeycomb	item.minecraft.honeycomb	MESSAGE		Видимое BACAP сообщение из bacap.zip:data/bacap_rewards/function/reward/animal/hive_mind.mcfunction; используется в 3 местах	
item.minecraft.ink_sac	item.minecraft.ink_sac	MESSAGE		Видимое BACAP сообщение из bacap.zip:data/bacap_rewards/function/reward/farming/its_full_of_ink.mcfunction; используется в 2 местах	
item.minecraft.iron_ingot	item.minecraft.iron_ingot	MESSAGE		Видимое BACAP сообщение из bacap.zip:data/bacap_rewards/function/reward/adventure/your_daily_fix.mcfunction; используется в 14 местах	
item.minecraft.lapis_lazuli	item.minecraft.lapis_lazuli	MESSAGE		Видимое BACAP сообщение из bacap.zip:data/bacap_rewards/function/reward/challenges/ultimate_enchanter.mcfunction; используется в 26 местах	
item.minecraft.lead	item.minecraft.lead	MESSAGE		Видимое BACAP сообщение из bacap.zip:data/bacap_rewards/function/reward/animal/beeloons.mcfunction; используется в 3 местах	
item.minecraft.leather	item.minecraft.leather	MESSAGE		Видимое BACAP сообщение из bacap.zip:data/bacap_rewards/function/reward/animal/colorful_cavalry.mcfunction; используется в 15 местах	
item.minecraft.magma_cream	item.minecraft.magma_cream	MESSAGE		Видимое BACAP сообщение из bacap.zip:data/bacap_rewards/function/reward/nether/high_temperature_fluid_monster.mcfunction; используется в 4 местах	
item.minecraft.name_tag	item.minecraft.name_tag	MESSAGE		Видимое BACAP сообщение из bacap.zip:data/bacap_rewards/function/reward/adventure/i_just_want_to_make_toast.mcfunction; используется в 6 местах	
item.minecraft.nautilus_shell	item.minecraft.nautilus_shell	MESSAGE		Видимое BACAP сообщение из bacap.zip:data/bacap_rewards/function/reward/biomes/ahoy.mcfunction; используется в 8 местах	
item.minecraft.netherite_ingot	item.minecraft.netherite_ingot	MESSAGE		Видимое BACAP сообщение из bacap.zip:data/bacap_rewards/function/reward/mining/moar_broken_tools.mcfunction; используется в 7 местах	
item.minecraft.ominous_trial_key	item.minecraft.ominous_trial_key	MESSAGE		Видимое BACAP сообщение из bacap.zip:data/bacap_rewards/function/reward/adventure/revaulting.mcfunction; используется в 2 местах	
item.minecraft.phantom_membrane	item.minecraft.phantom_membrane	MESSAGE		Видимое BACAP сообщение из bacap.zip:data/bacap_rewards/function/reward/building/insomniac.mcfunction; используется в 8 местах	
item.minecraft.porkchop	item.minecraft.porkchop	MESSAGE		Видимое BACAP сообщение из bacap.zip:data/bacap_rewards/function/reward/animal/bacon.mcfunction; используется в 8 местах	
item.minecraft.prismarine_crystals	item.minecraft.prismarine_crystals	MESSAGE		Видимое BACAP сообщение из bacap.zip:data/bacap_rewards/function/reward/adventure/guardian_destroyer.mcfunction; используется в 4 местах	
item.minecraft.prismarine_shard	item.minecraft.prismarine_shard	MESSAGE		Видимое BACAP сообщение из bacap.zip:data/bacap_rewards/function/reward/adventure/guardian_destroyer.mcfunction; используется в 4 местах	
item.minecraft.pufferfish	item.minecraft.pufferfish	MESSAGE		Видимое BACAP сообщение из bacap.zip:data/bacap_rewards/function/reward/adventure/monumental.mcfunction; используется в 4 местах	
item.minecraft.rabbit	item.minecraft.rabbit	MESSAGE		Видимое BACAP сообщение из bacap.zip:data/bacap_rewards/function/reward/animal/in_a_hole_there_lived_a_rabbit.mcfunction; используется в 2 местах	
item.minecraft.rabbit_foot	item.minecraft.rabbit_foot	MESSAGE		Видимое BACAP сообщение из bacap.zip:data/bacap_rewards/function/reward/adventure/i_just_want_to_make_toast.mcfunction; используется в 3 местах	
item.minecraft.rabbit_hide	item.minecraft.rabbit_hide	MESSAGE		Видимое BACAP сообщение из bacap.zip:data/bacap_rewards/function/reward/animal/going_down_the_rabbit_hole.mcfunction; используется в 2 местах	
item.minecraft.raw_gold	item.minecraft.raw_gold	MESSAGE		Видимое BACAP сообщение из bacap.zip:data/bacap_rewards/function/reward/mining/gold_mine.mcfunction; используется в 2 местах	
item.minecraft.raw_iron	item.minecraft.raw_iron	MESSAGE		Видимое BACAP сообщение из bacap.zip:data/bacap_rewards/function/reward/building/blast_it.mcfunction; используется в 2 местах	
item.minecraft.redstone	item.minecraft.redstone	MESSAGE		Видимое BACAP сообщение из bacap.zip:data/bacap_rewards/function/reward/mining/seeing_red.mcfunction; используется в 2 местах	
item.minecraft.rotten_flesh	item.minecraft.rotten_flesh	MESSAGE		Видимое BACAP сообщение из bacap.zip:data/bacap_rewards/function/reward/animal/puppies_yipe.mcfunction; используется в 5 местах	
item.minecraft.saddle	item.minecraft.saddle	MESSAGE		Видимое BACAP сообщение из bacap.zip:data/bacap_rewards/function/reward/statistics/lightning_mcpig.mcfunction; используется в 2 местах	
item.minecraft.shulker_shell	item.minecraft.shulker_shell	MESSAGE		Видимое BACAP сообщение из bacap.zip:data/bacap_rewards/function/reward/end/a_wizards_breakfast.mcfunction; используется в 9 местах	
item.minecraft.slime_ball	item.minecraft.slime_ball	MESSAGE		Видимое BACAP сообщение из bacap.zip:data/bacap_rewards/function/reward/animal/frog_family.mcfunction; используется в 5 местах	
item.minecraft.spider_eye	item.minecraft.spider_eye	MESSAGE		Видимое BACAP сообщение из bacap.zip:data/bacap_rewards/function/reward/animal/farmadillo.mcfunction; используется в 3 местах	
item.minecraft.string	item.minecraft.string	MESSAGE		Видимое BACAP сообщение из bacap.zip:data/bacap_rewards/function/reward/monsters/ew_ew_ew.mcfunction; используется в 4 местах	
item.minecraft.tipped_arrow.effect.slowness	item.minecraft.tipped_arrow.effect.slowness	MESSAGE		Видимое BACAP сообщение из bacap.zip:data/bacap_rewards/function/reward/monsters/frosty.mcfunction; используется в 2 местах	
item.minecraft.totem_of_undying	item.minecraft.totem_of_undying	MESSAGE		Видимое BACAP сообщение из bacap.zip:data/bacap_rewards/function/reward/adventure/postmortal.mcfunction; используется в 2 местах	
item.minecraft.trial_key	item.minecraft.trial_key	MESSAGE		Видимое BACAP сообщение из bacap.zip:data/bacap_rewards/function/reward/adventure/under_lock_and_key.mcfunction; используется в 2 местах	
item.minecraft.trident	item.minecraft.trident	MESSAGE		Видимое BACAP сообщение из bacap.zip:data/bacap_rewards/function/reward/enchanting/god_of_thunder.mcfunction; используется в 3 местах	
item.minecraft.tropical_fish	item.minecraft.tropical_fish	MESSAGE		Видимое BACAP сообщение из bacap.zip:data/bacap_rewards/function/reward/animal/axolittle.mcfunction; используется в 4 местах	
item.minecraft.turtle_scute	item.minecraft.turtle_scute	MESSAGE		Видимое BACAP сообщение из bacap.zip:data/bacap_rewards/function/reward/animal/save_the_turtles.mcfunction; используется в 5 местах	
item.minecraft.water_bucket	item.minecraft.water_bucket	MESSAGE		Видимое BACAP сообщение из bacap.zip:data/bacap_rewards/function/reward/animal/aquarium.mcfunction; используется в 3 местах	
item.minecraft.wheat	item.minecraft.wheat	MESSAGE		Видимое BACAP сообщение из bacap.zip:data/bacap_rewards/function/reward/animal/billy_the_kid.mcfunction; используется в 4 местах	
item.minecraft.wheat_seeds	item.minecraft.wheat_seeds	MESSAGE		Видимое BACAP сообщение из bacap.zip:data/bacap_rewards/function/reward/animal/feeding_the_chickens.mcfunction; используется в 2 местах	
item.minecraft.wind_charge	item.minecraft.wind_charge	MESSAGE		Видимое BACAP сообщение из bacap.zip:data/bacap_rewards/function/reward/adventure/from_under_your_feet.mcfunction; используется в 4 местах	
Eighth line complete…	Eighth line complete…	MESSAGE	blazeandcave:riddle/eighth_line	Видимое BACAP сообщение из bacap.zip:data/blazeandcave/function/riddle/eighth_line.mcfunction	
Fifth line complete…	Fifth line complete…	MESSAGE	blazeandcave:riddle/fifth_line	Видимое BACAP сообщение из bacap.zip:data/blazeandcave/function/riddle/fifth_line.mcfunction	
First line complete…	First line complete…	MESSAGE	blazeandcave:riddle/first_line	Видимое BACAP сообщение из bacap.zip:data/blazeandcave/function/riddle/first_line.mcfunction	
Fourth line complete…	Fourth line complete…	MESSAGE	blazeandcave:riddle/fourth_line	Видимое BACAP сообщение из bacap.zip:data/blazeandcave/function/riddle/fourth_line.mcfunction	
Ninth line complete…	Ninth line complete…	MESSAGE	blazeandcave:riddle/ninth_line	Видимое BACAP сообщение из bacap.zip:data/blazeandcave/function/riddle/ninth_line.mcfunction	
Second line complete…	Second line complete…	MESSAGE	blazeandcave:riddle/second_line	Видимое BACAP сообщение из bacap.zip:data/blazeandcave/function/riddle/second_line.mcfunction	
Seventh line complete…	Seventh line complete…	MESSAGE	blazeandcave:riddle/seventh_line	Видимое BACAP сообщение из bacap.zip:data/blazeandcave/function/riddle/seventh_line.mcfunction	
Sixth line complete…	Sixth line complete…	MESSAGE	blazeandcave:riddle/sixth_line	Видимое BACAP сообщение из bacap.zip:data/blazeandcave/function/riddle/sixth_line.mcfunction	
Third line complete…	Third line complete…	MESSAGE	blazeandcave:riddle/third_line	Видимое BACAP сообщение из bacap.zip:data/blazeandcave/function/riddle/third_line.mcfunction	
Aqua Team	Aqua Team	MESSAGE	blazeandcave:start_timers.mcfunction/start_timers	Видимое BACAP сообщение из bacap.zip:data/blazeandcave/function/start_timers.mcfunction	
Black Team	Black Team	MESSAGE	blazeandcave:start_timers.mcfunction/start_timers	Видимое BACAP сообщение из bacap.zip:data/blazeandcave/function/start_timers.mcfunction	
Blue Team	Blue Team	MESSAGE	blazeandcave:start_timers.mcfunction/start_timers	Видимое BACAP сообщение из bacap.zip:data/blazeandcave/function/start_timers.mcfunction	
Dark Aqua Team	Dark Aqua Team	MESSAGE	blazeandcave:start_timers.mcfunction/start_timers	Видимое BACAP сообщение из bacap.zip:data/blazeandcave/function/start_timers.mcfunction	
Dark Blue Team	Dark Blue Team	MESSAGE	blazeandcave:start_timers.mcfunction/start_timers	Видимое BACAP сообщение из bacap.zip:data/blazeandcave/function/start_timers.mcfunction	
Dark Gray Team	Dark Gray Team	MESSAGE	blazeandcave:start_timers.mcfunction/start_timers	Видимое BACAP сообщение из bacap.zip:data/blazeandcave/function/start_timers.mcfunction	
Dark Green Team	Dark Green Team	MESSAGE	blazeandcave:start_timers.mcfunction/start_timers	Видимое BACAP сообщение из bacap.zip:data/blazeandcave/function/start_timers.mcfunction	
Dark Purple Team	Dark Purple Team	MESSAGE	blazeandcave:start_timers.mcfunction/start_timers	Видимое BACAP сообщение из bacap.zip:data/blazeandcave/function/start_timers.mcfunction	
Dark Red Team	Dark Red Team	MESSAGE	blazeandcave:start_timers.mcfunction/start_timers	Видимое BACAP сообщение из bacap.zip:data/blazeandcave/function/start_timers.mcfunction	
Gold Team	Gold Team	MESSAGE	blazeandcave:start_timers.mcfunction/start_timers	Видимое BACAP сообщение из bacap.zip:data/blazeandcave/function/start_timers.mcfunction	
Gray Team	Gray Team	MESSAGE	blazeandcave:start_timers.mcfunction/start_timers	Видимое BACAP сообщение из bacap.zip:data/blazeandcave/function/start_timers.mcfunction	
Green Team	Green Team	MESSAGE	blazeandcave:start_timers.mcfunction/start_timers	Видимое BACAP сообщение из bacap.zip:data/blazeandcave/function/start_timers.mcfunction	
Light Purple Team	Light Purple Team	MESSAGE	blazeandcave:start_timers.mcfunction/start_timers	Видимое BACAP сообщение из bacap.zip:data/blazeandcave/function/start_timers.mcfunction	
Red Team	Red Team	MESSAGE	blazeandcave:start_timers.mcfunction/start_timers	Видимое BACAP сообщение из bacap.zip:data/blazeandcave/function/start_timers.mcfunction	
White Team	White Team	MESSAGE	blazeandcave:start_timers.mcfunction/start_timers	Видимое BACAP сообщение из bacap.zip:data/blazeandcave/function/start_timers.mcfunction	
Yellow Team	Yellow Team	MESSAGE	blazeandcave:start_timers.mcfunction/start_timers	Видимое BACAP сообщение из bacap.zip:data/blazeandcave/function/start_timers.mcfunction	
Custom Statistics	Custom Statistics	MESSAGE	blazeandcave:statistics_trigger.mcfunction/statistics_trigger	Видимое BACAP сообщение из bacap.zip:data/blazeandcave/function/statistics_trigger.mcfunction	
Days played:	Days played:	MESSAGE	blazeandcave:statistics_trigger.mcfunction/statistics_trigger	Видимое BACAP сообщение из bacap.zip:data/blazeandcave/function/statistics_trigger.mcfunction	
Food items eaten:	Food items eaten:	MESSAGE	blazeandcave:statistics_trigger.mcfunction/statistics_trigger	Видимое BACAP сообщение из bacap.zip:data/blazeandcave/function/statistics_trigger.mcfunction	
Gold Bartered to Piglins:	Gold Bartered to Piglins:	MESSAGE	blazeandcave:statistics_trigger.mcfunction/statistics_trigger	Видимое BACAP сообщение из bacap.zip:data/blazeandcave/function/statistics_trigger.mcfunction	
Loot chests opened:	Loot chests opened:	MESSAGE	blazeandcave:statistics_trigger.mcfunction/statistics_trigger	Видимое BACAP сообщение из bacap.zip:data/blazeandcave/function/statistics_trigger.mcfunction	
Zombie Doctor	Zombie Doctor	TITLE	minecraft:story/cure_zombie_villager	Название advancement minecraft:story/cure_zombie_villager	
Not Today, Thank You	Not Today, Thank You	TITLE	minecraft:story/deflect_arrow	Название advancement minecraft:story/deflect_arrow	
Enchanter	Enchanter	TITLE	minecraft:story/enchant_item	Название advancement minecraft:story/enchant_item	
The End?	The End?	TITLE	minecraft:story/enter_the_end	Название advancement minecraft:story/enter_the_end	
Enter the End Portal	Enter the End Portal	DESCRIPTION	minecraft:story/enter_the_end	Описание advancement minecraft:story/enter_the_end	
We Need to Go Deeper	We Need to Go Deeper	TITLE	minecraft:story/enter_the_nether	Название advancement minecraft:story/enter_the_nether	
Eye Spy	Eye Spy	TITLE	minecraft:story/follow_ender_eye	Название advancement minecraft:story/follow_ender_eye	
Ice Bucket Challenge	Ice Bucket Challenge	TITLE	minecraft:story/form_obsidian	Название advancement minecraft:story/form_obsidian	
Isn't It Iron Pick	Isn't It Iron Pick	TITLE	minecraft:story/iron_tools	Название advancement minecraft:story/iron_tools	
Diamonds!	Diamonds!	TITLE	minecraft:story/mine_diamond	Название advancement minecraft:story/mine_diamond	
Stone Age	Stone Age	TITLE	minecraft:story/mine_stone	Название advancement minecraft:story/mine_stone	
Benchmarking	Benchmarking	TAB	minecraft:story/root	Название вкладки/категории для minecraft:story/root	
Cover Me With Diamonds	Cover Me With Diamonds	TITLE	minecraft:story/shiny_gear	Название advancement minecraft:story/shiny_gear	
Acquire Hardware	Acquire Hardware	TITLE	minecraft:story/smelt_iron	Название advancement minecraft:story/smelt_iron	
Getting an Upgrade	Getting an Upgrade	TITLE	minecraft:story/upgrade_tools	Название advancement minecraft:story/upgrade_tools	
You don't want to have this advancement unlocked!	You don't want to have this advancement unlocked!	DESCRIPTION	blazeandcave:technical/big_cheater	Описание advancement blazeandcave:technical/big_cheater	
Let Me Out	Let Me Out	MESSAGE	blazeandcave:timers_trigger.mcfunction/timers_trigger	Видимое BACAP сообщение из bacap.zip:data/blazeandcave/function/timers_trigger.mcfunction	
Numbers are in seconds	Numbers are in seconds	MESSAGE	blazeandcave:timers_trigger.mcfunction/timers_trigger	Видимое BACAP сообщение из bacap.zip:data/blazeandcave/function/timers_trigger.mcfunction	
Timer Progress	Timer Progress	MESSAGE	blazeandcave:timers_trigger.mcfunction/timers_trigger	Видимое BACAP сообщение из bacap.zip:data/blazeandcave/function/timers_trigger.mcfunction	
Time Machine	Time Machine	MESSAGE	blazeandcave:trophy/65_hours_of_walking	Видимое BACAP сообщение из bacap.zip:data/bacap_rewards/function/trophy/statistics/65_hours_of_walking.mcfunction	
You'll need it to get back all those hours you spent	You'll need it to get back all those hours you spent	MESSAGE	blazeandcave:trophy/65_hours_of_walking	Видимое BACAP сообщение из bacap.zip:data/bacap_rewards/function/trophy/statistics/65_hours_of_walking.mcfunction	
phantoms have to sleep to avoid meeting you	phantoms have to sleep to avoid meeting you	MESSAGE	blazeandcave:trophy/a_complete_catalogue	Видимое BACAP сообщение из bacap.zip:data/bacap_rewards/function/trophy/adventure/a_complete_catalogue.mcfunction	
You have so many cats, that now	You have so many cats, that now	MESSAGE	blazeandcave:trophy/a_complete_catalogue	Видимое BACAP сообщение из bacap.zip:data/bacap_rewards/function/trophy/adventure/a_complete_catalogue.mcfunction	
Your Cat's Prize	Your Cat's Prize	MESSAGE	blazeandcave:trophy/a_complete_catalogue	Видимое BACAP сообщение из bacap.zip:data/bacap_rewards/function/trophy/adventure/a_complete_catalogue.mcfunction	
If you want to survive you need a strong belly	If you want to survive you need a strong belly	MESSAGE	blazeandcave:trophy/a_furious_test_subject	Видимое BACAP сообщение из bacap.zip:data/bacap_rewards/function/trophy/potion/a_furious_test_subject.mcfunction	
This is Anarchy	This is Anarchy	MESSAGE	blazeandcave:trophy/a_furious_test_subject	Видимое BACAP сообщение из bacap.zip:data/bacap_rewards/function/trophy/potion/a_furious_test_subject.mcfunction	
A Glutton's Meal	A Glutton's Meal	MESSAGE	blazeandcave:trophy/a_gluttonous_diet	Видимое BACAP сообщение из bacap.zip:data/bacap_rewards/function/trophy/farming/a_gluttonous_diet.mcfunction	
I see you have quite the appetite. Fatty.	I see you have quite the appetite. Fatty.	MESSAGE	blazeandcave:trophy/a_gluttonous_diet	Видимое BACAP сообщение из bacap.zip:data/bacap_rewards/function/trophy/farming/a_gluttonous_diet.mcfunction	
If life is left unchecked, life will cease to exist	If life is left unchecked, life will cease to exist	MESSAGE	blazeandcave:trophy/a_million_blocks_away	Видимое BACAP сообщение из bacap.zip:data/bacap_rewards/function/trophy/challenges/a_million_blocks_away.mcfunction	
It needs correcting	It needs correcting	MESSAGE	blazeandcave:trophy/a_million_blocks_away	Видимое BACAP сообщение из bacap.zip:data/bacap_rewards/function/trophy/challenges/a_million_blocks_away.mcfunction	
Space Stone	Space Stone	MESSAGE	blazeandcave:trophy/a_million_blocks_away	Видимое BACAP сообщение из bacap.zip:data/bacap_rewards/function/trophy/challenges/a_million_blocks_away.mcfunction	
This universe is finite, its resources, finite	This universe is finite, its resources, finite	MESSAGE	blazeandcave:trophy/a_million_blocks_away	Видимое BACAP сообщение из bacap.zip:data/bacap_rewards/function/trophy/challenges/a_million_blocks_away.mcfunction	
A powerful weapon wielded by ancient mobs	A powerful weapon wielded by ancient mobs	MESSAGE	blazeandcave:trophy/a_piglins_best_friend	Видимое BACAP сообщение из bacap.zip:data/bacap_rewards/function/trophy/nether/a_piglins_best_friend.mcfunction	
Gilded Blade	Gilded Blade	MESSAGE	blazeandcave:trophy/a_piglins_best_friend	Видимое BACAP сообщение из bacap.zip:data/bacap_rewards/function/trophy/nether/a_piglins_best_friend.mcfunction	
And violent corners	And violent corners	MESSAGE	blazeandcave:trophy/a_rather_pointy_fence_post	Видимое BACAP сообщение из bacap.zip:data/bacap_rewards/function/trophy/enchanting/a_rather_pointy_fence_post.mcfunction	
Fence Post	Fence Post	MESSAGE	blazeandcave:trophy/a_rather_pointy_fence_post	Видимое BACAP сообщение из bacap.zip:data/bacap_rewards/function/trophy/enchanting/a_rather_pointy_fence_post.mcfunction	
It's my fence post! Seriously, get out!	It's my fence post! Seriously, get out!	MESSAGE	blazeandcave:trophy/a_rather_pointy_fence_post	Видимое BACAP сообщение из bacap.zip:data/bacap_rewards/function/trophy/enchanting/a_rather_pointy_fence_post.mcfunction	
Look at this luxurious fence post	Look at this luxurious fence post	MESSAGE	blazeandcave:trophy/a_rather_pointy_fence_post	Видимое BACAP сообщение из bacap.zip:data/bacap_rewards/function/trophy/enchanting/a_rather_pointy_fence_post.mcfunction	
This isn't just any fence postâ¦	This isn't just any fence postâ¦	MESSAGE	blazeandcave:trophy/a_rather_pointy_fence_post	Видимое BACAP сообщение из bacap.zip:data/bacap_rewards/function/trophy/enchanting/a_rather_pointy_fence_post.mcfunction	
With its courageously mundane colour	With its courageously mundane colour	MESSAGE	blazeandcave:trophy/a_rather_pointy_fence_post	Видимое BACAP сообщение из bacap.zip:data/bacap_rewards/function/trophy/enchanting/a_rather_pointy_fence_post.mcfunction	
Utilised by the Mayor from Powerpuff Girls	Utilised by the Mayor from Powerpuff Girls	MESSAGE	blazeandcave:trophy/a_wizards_breakfast	Видимое BACAP сообщение из bacap.zip:data/bacap_rewards/function/trophy/end/a_wizards_breakfast.mcfunction	
Wizard's Fruit	Wizard's Fruit	MESSAGE	blazeandcave:trophy/a_wizards_breakfast	Видимое BACAP сообщение из bacap.zip:data/bacap_rewards/function/trophy/end/a_wizards_breakfast.mcfunction	
Amphitrite	Amphitrite	MESSAGE	blazeandcave:trophy/abyss_lord	Видимое BACAP сообщение из bacap.zip:data/bacap_rewards/function/trophy/challenges/abyss_lord.mcfunction	
Many people called her the personification of the sea itself...	Many people called her the personification of the sea itself...	MESSAGE	blazeandcave:trophy/abyss_lord	Видимое BACAP сообщение из bacap.zip:data/bacap_rewards/function/trophy/challenges/abyss_lord.mcfunction	
Astronaut Helmet	Astronaut Helmet	MESSAGE	blazeandcave:trophy/ad_astra	Видимое BACAP сообщение из bacap.zip:data/bacap_rewards/function/trophy/challenges/ad_astra.mcfunction	
In zero gravity, a feather and a hammer falls at the same speed	In zero gravity, a feather and a hammer falls at the same speed	MESSAGE	blazeandcave:trophy/ad_astra	Видимое BACAP сообщение из bacap.zip:data/bacap_rewards/function/trophy/challenges/ad_astra.mcfunction	
One of each block is stored in there	One of each block is stored in there	MESSAGE	blazeandcave:trophy/all_the_blocks	Видимое BACAP сообщение из bacap.zip:data/bacap_rewards/function/trophy/challenges/all_the_blocks.mcfunction	
Treasure Chest	Treasure Chest	MESSAGE	blazeandcave:trophy/all_the_blocks	Видимое BACAP сообщение из bacap.zip:data/bacap_rewards/function/trophy/challenges/all_the_blocks.mcfunction	
Frame of Infinite Items	Frame of Infinite Items	MESSAGE	blazeandcave:trophy/all_the_items	Видимое BACAP сообщение из bacap.zip:data/bacap_rewards/function/trophy/challenges/all_the_items.mcfunction	
One of each item is stored on here	One of each item is stored on here	MESSAGE	blazeandcave:trophy/all_the_items	Видимое BACAP сообщение из bacap.zip:data/bacap_rewards/function/trophy/challenges/all_the_items.mcfunction	
Energy Crystal	Energy Crystal	MESSAGE	blazeandcave:trophy/amethyst_miner	Видимое BACAP сообщение из bacap.zip:data/bacap_rewards/function/trophy/mining/amethyst_miner.mcfunction	
Looks like a slimy slug sucked all the power out of it…	Looks like a slimy slug sucked all the power out of it…	MESSAGE	blazeandcave:trophy/amethyst_miner	Видимое BACAP сообщение из bacap.zip:data/bacap_rewards/function/trophy/mining/amethyst_miner.mcfunction	
Annoying Orange	Annoying Orange	MESSAGE	blazeandcave:trophy/an_apple_a_day	Видимое BACAP сообщение из bacap.zip:data/bacap_rewards/function/trophy/farming/an_apple_a_day.mcfunction	
Hey apple, can you spit seeds?	Hey apple, can you spit seeds?	MESSAGE	blazeandcave:trophy/an_apple_a_day	Видимое BACAP сообщение из bacap.zip:data/bacap_rewards/function/trophy/farming/an_apple_a_day.mcfunction	
Black Belt	Black Belt	MESSAGE	blazeandcave:trophy/ancient_kung_fu_master	Видимое BACAP сообщение из bacap.zip:data/bacap_rewards/function/trophy/statistics/ancient_kung_fu_master.mcfunction	
Who is the greatest man?	Who is the greatest man?	MESSAGE	blazeandcave:trophy/ancient_kung_fu_master	Видимое BACAP сообщение из bacap.zip:data/bacap_rewards/function/trophy/statistics/ancient_kung_fu_master.mcfunction	
Butcher's Trophy	Butcher's Trophy	MESSAGE	blazeandcave:trophy/animal_milestone	Видимое BACAP сообщение из bacap.zip:data/bacap_rewards/function/trophy/bacap/animal_milestone.mcfunction	
Portal Bow	Portal Bow	MESSAGE	blazeandcave:trophy/anti_gravity_generator	Видимое BACAP сообщение из bacap.zip:data/bacap_rewards/function/trophy/end/anti_gravity_generator.mcfunction	
Portal II	Portal II	MESSAGE	blazeandcave:trophy/anti_gravity_generator	Видимое BACAP сообщение из bacap.zip:data/bacap_rewards/function/trophy/end/anti_gravity_generator.mcfunction	
Finger Guns	Finger Guns	MESSAGE	blazeandcave:trophy/arbalistic	Видимое BACAP сообщение из bacap.zip:data/bacap_rewards/function/trophy/enchanting/arbalistic.mcfunction	
So anyway I started blasting...	So anyway I started blasting...	MESSAGE	blazeandcave:trophy/arbalistic	Видимое BACAP сообщение из bacap.zip:data/bacap_rewards/function/trophy/enchanting/arbalistic.mcfunction	
Silver Armor Stand	Silver Armor Stand	MESSAGE	blazeandcave:trophy/armor_display	Видимое BACAP сообщение из bacap.zip:data/bacap_rewards/function/trophy/building/armor_display.mcfunction	
Basketblock	Basketblock	MESSAGE	blazeandcave:trophy/basketblock_championship	Видимое BACAP сообщение из bacap.zip:data/bacap_rewards/function/trophy/monsters/basketblock_championship.mcfunction	
That's right Number 7, it's a cube!	That's right Number 7, it's a cube!	MESSAGE	blazeandcave:trophy/basketblock_championship	Видимое BACAP сообщение из bacap.zip:data/bacap_rewards/function/trophy/monsters/basketblock_championship.mcfunction	
Baconator	Baconator	MESSAGE	blazeandcave:trophy/beaconator	Видимое BACAP сообщение из bacap.zip:data/bacap_rewards/function/trophy/nether/beaconator.mcfunction	
Oh... wait, I thought you said Bacon!	Oh... wait, I thought you said Bacon!	MESSAGE	blazeandcave:trophy/beaconator	Видимое BACAP сообщение из bacap.zip:data/bacap_rewards/function/trophy/nether/beaconator.mcfunction	
Poison Mask	Poison Mask	MESSAGE	blazeandcave:trophy/biological_warfare	Видимое BACAP сообщение из bacap.zip:data/bacap_rewards/function/trophy/challenges/biological_warfare.mcfunction	
Protects your face from poison but not the rest of your body	Protects your face from poison but not the rest of your body	MESSAGE	blazeandcave:trophy/biological_warfare	Видимое BACAP сообщение из bacap.zip:data/bacap_rewards/function/trophy/challenges/biological_warfare.mcfunction	
Much easier to hit than a bat, and filled with candy!	Much easier to hit than a bat, and filled with candy!	MESSAGE	blazeandcave:trophy/blind_as_a_bat	Видимое BACAP сообщение из bacap.zip:data/bacap_rewards/function/trophy/mining/blind_as_a_bat.mcfunction	
Piñata	Piñata	MESSAGE	blazeandcave:trophy/blind_as_a_bat	Видимое BACAP сообщение из bacap.zip:data/bacap_rewards/function/trophy/mining/blind_as_a_bat.mcfunction	
Sans's Head	Sans's Head	MESSAGE	blazeandcave:trophy/bone_to_party	Видимое BACAP сообщение из bacap.zip:data/bacap_rewards/function/trophy/monsters/bone_to_party.mcfunction	
You start to hear distant MEGALOVANIA sounds	You start to hear distant MEGALOVANIA sounds	MESSAGE	blazeandcave:trophy/bone_to_party	Видимое BACAP сообщение из bacap.zip:data/bacap_rewards/function/trophy/monsters/bone_to_party.mcfunction	
One shudders to imagine what inhuman thoughts lie behind that mask	One shudders to imagine what inhuman thoughts lie behind that mask	MESSAGE	blazeandcave:trophy/bonfire_night	Видимое BACAP сообщение из bacap.zip:data/bacap_rewards/function/trophy/mining/bonfire_night.mcfunction	
Pyro's Mask	Pyro's Mask	MESSAGE	blazeandcave:trophy/bonfire_night	Видимое BACAP сообщение из bacap.zip:data/bacap_rewards/function/trophy/mining/bonfire_night.mcfunction	
and unlocked the Golden Cobblestone Skin!	and unlocked the Golden Cobblestone Skin!	MESSAGE	blazeandcave:trophy/bulldozer	Видимое BACAP сообщение из bacap.zip:data/bacap_rewards/function/trophy/mining/bulldozer.mcfunction	
Golden Cobblestone	Golden Cobblestone	MESSAGE	blazeandcave:trophy/bulldozer	Видимое BACAP сообщение из bacap.zip:data/bacap_rewards/function/trophy/mining/bulldozer.mcfunction	
You mined 10,000 blocks of Cobblestone	You mined 10,000 blocks of Cobblestone	MESSAGE	blazeandcave:trophy/bulldozer	Видимое BACAP сообщение из bacap.zip:data/bacap_rewards/function/trophy/mining/bulldozer.mcfunction	
Quiver	Quiver	MESSAGE	blazeandcave:trophy/bullseye	Видимое BACAP сообщение из bacap.zip:data/bacap_rewards/function/trophy/redstone/bullseye.mcfunction	
You can't actually store arrows in it	You can't actually store arrows in it	MESSAGE	blazeandcave:trophy/bullseye	Видимое BACAP сообщение из bacap.zip:data/bacap_rewards/function/trophy/redstone/bullseye.mcfunction	
Pink Camo Pants	Pink Camo Pants	MESSAGE	blazeandcave:trophy/camouflage	Видимое BACAP сообщение из bacap.zip:data/bacap_rewards/function/trophy/monsters/camouflage.mcfunction	
They don't camouflage anywhere!	They don't camouflage anywhere!	MESSAGE	blazeandcave:trophy/camouflage	Видимое BACAP сообщение из bacap.zip:data/bacap_rewards/function/trophy/monsters/camouflage.mcfunction	
Captain America's Shield	Captain America's Shield	MESSAGE	blazeandcave:trophy/captain_america	Видимое BACAP сообщение из bacap.zip:data/bacap_rewards/function/trophy/biomes/captain_america.mcfunction	
Don't worry Wilson, I'll do all the paddling. You just hang on	Don't worry Wilson, I'll do all the paddling. You just hang on	MESSAGE	blazeandcave:trophy/castaway	Видимое BACAP сообщение из bacap.zip:data/bacap_rewards/function/trophy/farming/castaway.mcfunction	
Wilson	Wilson	MESSAGE	blazeandcave:trophy/castaway	Видимое BACAP сообщение из bacap.zip:data/bacap_rewards/function/trophy/farming/castaway.mcfunction	
The Cataclyst	The Cataclyst	MESSAGE	blazeandcave:trophy/cataclyst	Видимое BACAP сообщение из bacap.zip:data/bacap_rewards/function/trophy/redstone/cataclyst.mcfunction	
When detonated, it kills every single avatar and NPC in the sector	When detonated, it kills every single avatar and NPC in the sector	MESSAGE	blazeandcave:trophy/cataclyst	Видимое BACAP сообщение из bacap.zip:data/bacap_rewards/function/trophy/redstone/cataclyst.mcfunction	
Azalea Parachute	Azalea Parachute	MESSAGE	blazeandcave:trophy/caves_and_cliffs	Видимое BACAP сообщение из bacap.zip:data/bacap_rewards/function/trophy/mining/caves_and_cliffs.mcfunction	
Good thing you didn't need this	Good thing you didn't need this	MESSAGE	blazeandcave:trophy/caves_and_cliffs	Видимое BACAP сообщение из bacap.zip:data/bacap_rewards/function/trophy/mining/caves_and_cliffs.mcfunction	
âNo, let's detonate instead!â says his brother, Cherry #2	âNo, let's detonate instead!â says his brother, Cherry #2	MESSAGE	blazeandcave:trophy/cherry_bomb	Видимое BACAP сообщение из bacap.zip:data/bacap_rewards/function/trophy/building/cherry_bomb.mcfunction	
Just imagine how much cobblestone it contains…	Just imagine how much cobblestone it contains…	MESSAGE	blazeandcave:trophy/chestful_of_cobblestone	Видимое BACAP сообщение из bacap.zip:data/bacap_rewards/function/trophy/mining/chestful_of_cobblestone.mcfunction	
Octuple Compressed Cobblestone	Octuple Compressed Cobblestone	MESSAGE	blazeandcave:trophy/chestful_of_cobblestone	Видимое BACAP сообщение из bacap.zip:data/bacap_rewards/function/trophy/mining/chestful_of_cobblestone.mcfunction	
Tron Suit	Tron Suit	MESSAGE	blazeandcave:trophy/chromatic_armory	Видимое BACAP сообщение из bacap.zip:data/bacap_rewards/function/trophy/adventure/chromatic_armory.mcfunction	
Were the circuits like freeways?	Were the circuits like freeways?	MESSAGE	blazeandcave:trophy/chromatic_armory	Видимое BACAP сообщение из bacap.zip:data/bacap_rewards/function/trophy/adventure/chromatic_armory.mcfunction	
What did they look like? Ships? Motorcycles?	What did they look like? Ships? Motorcycles?	MESSAGE	blazeandcave:trophy/chromatic_armory	Видимое BACAP сообщение из bacap.zip:data/bacap_rewards/function/trophy/adventure/chromatic_armory.mcfunction	
Did you at least harvest the sugar cane?	Did you at least harvest the sugar cane?	MESSAGE	blazeandcave:trophy/come_to_the_countryside	Видимое BACAP сообщение из bacap.zip:data/bacap_rewards/function/trophy/farming/come_to_the_countryside.mcfunction	
Mr Finch's Hoe	Mr Finch's Hoe	MESSAGE	blazeandcave:trophy/come_to_the_countryside	Видимое BACAP сообщение из bacap.zip:data/bacap_rewards/function/trophy/farming/come_to_the_countryside.mcfunction	
Make a wish!	Make a wish!	MESSAGE	blazeandcave:trophy/constellation	Видимое BACAP сообщение из bacap.zip:data/bacap_rewards/function/trophy/challenges/constellation.mcfunction	
Wishing Star	Wishing Star	MESSAGE	blazeandcave:trophy/constellation	Видимое BACAP сообщение из bacap.zip:data/bacap_rewards/function/trophy/challenges/constellation.mcfunction	
Looks like he brought some of the moon back	Looks like he brought some of the moon back	MESSAGE	blazeandcave:trophy/cow_jumped_over_the_moon	Видимое BACAP сообщение из bacap.zip:data/bacap_rewards/function/trophy/end/cow_jumped_over_the_moon.mcfunction	
Moon Rock	Moon Rock	MESSAGE	blazeandcave:trophy/cow_jumped_over_the_moon	Видимое BACAP сообщение из bacap.zip:data/bacap_rewards/function/trophy/end/cow_jumped_over_the_moon.mcfunction	
Smells like cheese	Smells like cheese	MESSAGE	blazeandcave:trophy/cow_jumped_over_the_moon	Видимое BACAP сообщение из bacap.zip:data/bacap_rewards/function/trophy/end/cow_jumped_over_the_moon.mcfunction	
Cursed Creeper Head	Cursed Creeper Head	MESSAGE	blazeandcave:trophy/creepergeddon	Видимое BACAP сообщение из bacap.zip:data/bacap_rewards/function/trophy/challenges/creepergeddon.mcfunction	
Wave 5 of 5: CREEPER-GEDDON!!!	Wave 5 of 5: CREEPER-GEDDON!!!	MESSAGE	blazeandcave:trophy/creepergeddon	Видимое BACAP сообщение из bacap.zip:data/bacap_rewards/function/trophy/challenges/creepergeddon.mcfunction	
Hyperlink	Hyperlink	MESSAGE	blazeandcave:trophy/custom_boss_fight	Видимое BACAP сообщение из bacap.zip:data/bacap_rewards/function/trophy/monsters/custom_boss_fight.mcfunction	
This advancement was sponsored by MCStacker	This advancement was sponsored by MCStacker	MESSAGE	blazeandcave:trophy/custom_boss_fight	Видимое BACAP сообщение из bacap.zip:data/bacap_rewards/function/trophy/monsters/custom_boss_fight.mcfunction	
Instant Death	Instant Death	MESSAGE	blazeandcave:trophy/death_from_all	Видимое BACAP сообщение из bacap.zip:data/bacap_rewards/function/trophy/challenges/death_from_all.mcfunction	
Since you like dying so much...	Since you like dying so much...	MESSAGE	blazeandcave:trophy/death_from_all	Видимое BACAP сообщение из bacap.zip:data/bacap_rewards/function/trophy/challenges/death_from_all.mcfunction	
Boomer T-Shirt	Boomer T-Shirt	MESSAGE	blazeandcave:trophy/demolitions_expert	Видимое BACAP сообщение из bacap.zip:data/bacap_rewards/function/trophy/weaponry/demolitions_expert.mcfunction	
There are no mistakes, just happy explosions	There are no mistakes, just happy explosions	MESSAGE	blazeandcave:trophy/demolitions_expert	Видимое BACAP сообщение из bacap.zip:data/bacap_rewards/function/trophy/weaponry/demolitions_expert.mcfunction	
Reality can be whatever I want...	Reality can be whatever I want...	MESSAGE	blazeandcave:trophy/dragon_army	Видимое BACAP сообщение из bacap.zip:data/bacap_rewards/function/trophy/challenges/dragon_army.mcfunction	
Reality Stone	Reality Stone	MESSAGE	blazeandcave:trophy/dragon_army	Видимое BACAP сообщение из bacap.zip:data/bacap_rewards/function/trophy/challenges/dragon_army.mcfunction	
Dragon Bro	Dragon Bro	MESSAGE	blazeandcave:trophy/dragon_vs_dragon_ii_electric_boogaloo	Видимое BACAP сообщение из bacap.zip:data/bacap_rewards/function/trophy/challenges/dragon_vs_dragon_ii_electric_boogaloo.mcfunction	
Dragon Broooo!!!	Dragon Broooo!!!	MESSAGE	blazeandcave:trophy/dragon_vs_dragon_ii_electric_boogaloo	Видимое BACAP сообщение из bacap.zip:data/bacap_rewards/function/trophy/challenges/dragon_vs_dragon_ii_electric_boogaloo.mcfunction	
Maybe you should start a cool rock collection	Maybe you should start a cool rock collection	MESSAGE	blazeandcave:trophy/dragon_vs_wither_the_pre_sequel	Видимое BACAP сообщение из bacap.zip:data/bacap_rewards/function/trophy/challenges/dragon_vs_wither_the_pre_sequel.mcfunction	
Power Stone	Power Stone	MESSAGE	blazeandcave:trophy/dragon_vs_wither_the_pre_sequel	Видимое BACAP сообщение из bacap.zip:data/bacap_rewards/function/trophy/challenges/dragon_vs_wither_the_pre_sequel.mcfunction	
In the jungle, the mighty jungle,\n\nThe lion sleeps tonight\n\nIn the jungle, the quiet jungle,\n\nThe lion sleeps tonight	In the jungle, the mighty jungle,\n\nThe lion sleeps tonight\n\nIn the jungle, the quiet jungle,\n\nThe lion sleeps tonight	MESSAGE	blazeandcave:trophy/edge_of_the_jungle	Видимое BACAP сообщение из bacap.zip:data/bacap_rewards/function/trophy/biomes/edge_of_the_jungle.mcfunction	
Enchanter's Tome	Enchanter's Tome	MESSAGE	blazeandcave:trophy/elderly_enchanter	Видимое BACAP сообщение из bacap.zip:data/bacap_rewards/function/trophy/statistics/elderly_enchanter.mcfunction	
Used by Illager Enchanters to enchant mobs	Used by Illager Enchanters to enchant mobs	MESSAGE	blazeandcave:trophy/elderly_enchanter	Видимое BACAP сообщение из bacap.zip:data/bacap_rewards/function/trophy/statistics/elderly_enchanter.mcfunction	
Stormbreaker	Stormbreaker	MESSAGE	blazeandcave:trophy/electrifying_alliance	Видимое BACAP сообщение из bacap.zip:data/bacap_rewards/function/trophy/nether/electrifying_alliance.mcfunction	
The Thanos-killing kind	The Thanos-killing kind	MESSAGE	blazeandcave:trophy/electrifying_alliance	Видимое BACAP сообщение из bacap.zip:data/bacap_rewards/function/trophy/nether/electrifying_alliance.mcfunction	
What kind of weapon are we talking about here?	What kind of weapon are we talking about here?	MESSAGE	blazeandcave:trophy/electrifying_alliance	Видимое BACAP сообщение из bacap.zip:data/bacap_rewards/function/trophy/nether/electrifying_alliance.mcfunction	
Chaos Emerald	Chaos Emerald	MESSAGE	blazeandcave:trophy/emerald_miner	Видимое BACAP сообщение из bacap.zip:data/bacap_rewards/function/trophy/mining/emerald_miner.mcfunction	
Just gotta find six more	Just gotta find six more	MESSAGE	blazeandcave:trophy/emerald_miner	Видимое BACAP сообщение из bacap.zip:data/bacap_rewards/function/trophy/mining/emerald_miner.mcfunction	
Enchanter's Trophy	Enchanter's Trophy	MESSAGE	blazeandcave:trophy/enchanting_milestone	Видимое BACAP сообщение из bacap.zip:data/bacap_rewards/function/trophy/bacap/enchanting_milestone.mcfunction	
Endfinity Source	Endfinity Source	MESSAGE	blazeandcave:trophy/endergeddon	Видимое BACAP сообщение из bacap.zip:data/bacap_rewards/function/trophy/challenges/endergeddon.mcfunction	
They will END the world...	They will END the world...	MESSAGE	blazeandcave:trophy/endergeddon	Видимое BACAP сообщение из bacap.zip:data/bacap_rewards/function/trophy/challenges/endergeddon.mcfunction	
figured out of getting somewhere is to leave something behind	figured out of getting somewhere is to leave something behind	MESSAGE	blazeandcave:trophy/event_horizon	Видимое BACAP сообщение из bacap.zip:data/bacap_rewards/function/trophy/end/event_horizon.mcfunction	нужно оставить что-то позади
Newton’s third law - the only way humans have ever	Newton’s third law - the only way humans have ever	MESSAGE	blazeandcave:trophy/event_horizon	Видимое BACAP сообщение из bacap.zip:data/bacap_rewards/function/trophy/end/event_horizon.mcfunction	Третий закон Ньютона — единственный известный человечеству способ куда-то попасть:
Singularity	Singularity	MESSAGE	blazeandcave:trophy/event_horizon	Видимое BACAP сообщение из bacap.zip:data/bacap_rewards/function/trophy/end/event_horizon.mcfunction	
Hot Potato	Hot Potato	MESSAGE	blazeandcave:trophy/everybody_loves_ice	Видимое BACAP сообщение из bacap.zip:data/bacap_rewards/function/trophy/biomes/everybody_loves_ice.mcfunction	
Cartographer's Quill	Cartographer's Quill	MESSAGE	blazeandcave:trophy/explorer_of_worlds	Видимое BACAP сообщение из bacap.zip:data/bacap_rewards/function/trophy/challenges/explorer_of_worlds.mcfunction	
Freshly not-smashed on the ground	Freshly not-smashed on the ground	MESSAGE	blazeandcave:trophy/explorer_of_worlds	Видимое BACAP сообщение из bacap.zip:data/bacap_rewards/function/trophy/challenges/explorer_of_worlds.mcfunction	
The Walking Head	The Walking Head	MESSAGE	blazeandcave:trophy/family_reunion	Видимое BACAP сообщение из bacap.zip:data/bacap_rewards/function/trophy/monsters/family_reunion.mcfunction	
Yes, this head totally has legs	Yes, this head totally has legs	MESSAGE	blazeandcave:trophy/family_reunion	Видимое BACAP сообщение из bacap.zip:data/bacap_rewards/function/trophy/monsters/family_reunion.mcfunction	
A preserved piece of stone from	A preserved piece of stone from	MESSAGE	blazeandcave:trophy/farlander	Видимое BACAP сообщение из bacap.zip:data/bacap_rewards/function/trophy/challenges/farlander.mcfunction	
Stone of the Farlands	Stone of the Farlands	MESSAGE	blazeandcave:trophy/farlander	Видимое BACAP сообщение из bacap.zip:data/bacap_rewards/function/trophy/challenges/farlander.mcfunction	
the lands that existed before Beta 1.8	the lands that existed before Beta 1.8	MESSAGE	blazeandcave:trophy/farlander	Видимое BACAP сообщение из bacap.zip:data/bacap_rewards/function/trophy/challenges/farlander.mcfunction	
Farmer's Trophy	Farmer's Trophy	MESSAGE	blazeandcave:trophy/farming_milestone	Видимое BACAP сообщение из bacap.zip:data/bacap_rewards/function/trophy/bacap/farming_milestone.mcfunction	
It ain't much but it's honest work	It ain't much but it's honest work	MESSAGE	blazeandcave:trophy/farming_milestone	Видимое BACAP сообщение из bacap.zip:data/bacap_rewards/function/trophy/bacap/farming_milestone.mcfunction	
Just picture a mammoth steak, fried, roasted or stewed!	Just picture a mammoth steak, fried, roasted or stewed!	MESSAGE	blazeandcave:trophy/food_glorious_food	Видимое BACAP сообщение из bacap.zip:data/bacap_rewards/function/trophy/statistics/food_glorious_food.mcfunction	
Mammoth Steak	Mammoth Steak	MESSAGE	blazeandcave:trophy/food_glorious_food	Видимое BACAP сообщение из bacap.zip:data/bacap_rewards/function/trophy/statistics/food_glorious_food.mcfunction	
Farm some more they said, it'll be fun they said...	Farm some more they said, it'll be fun they said...	MESSAGE	blazeandcave:trophy/fool_me_twice	Видимое BACAP сообщение из bacap.zip:data/bacap_rewards/function/trophy/nether/fool_me_twice.mcfunction	
Farmer's Badge V2	Farmer's Badge V2	MESSAGE	blazeandcave:trophy/fool_me_twice	Видимое BACAP сообщение из bacap.zip:data/bacap_rewards/function/trophy/nether/fool_me_twice.mcfunction	
And they don't stop coming,	And they don't stop coming,	MESSAGE	blazeandcave:trophy/fractal	Видимое BACAP сообщение из bacap.zip:data/bacap_rewards/function/trophy/animal/fractal.mcfunction	
and they don't stop coming,	and they don't stop coming,	MESSAGE	blazeandcave:trophy/fractal	Видимое BACAP сообщение из bacap.zip:data/bacap_rewards/function/trophy/animal/fractal.mcfunction	
and they don't stop comingâ¦	and they don't stop comingâ¦	MESSAGE	blazeandcave:trophy/fractal	Видимое BACAP сообщение из bacap.zip:data/bacap_rewards/function/trophy/animal/fractal.mcfunction	
Matryoshka Doll	Matryoshka Doll	MESSAGE	blazeandcave:trophy/fractal	Видимое BACAP сообщение из bacap.zip:data/bacap_rewards/function/trophy/animal/fractal.mcfunction	
Life would be vanilla ice cream without 31 flavors of individuality	Life would be vanilla ice cream without 31 flavors of individuality	MESSAGE	blazeandcave:trophy/freezing	Видимое BACAP сообщение из bacap.zip:data/bacap_rewards/function/trophy/monsters/freezing.mcfunction	
Vanilla Ice Cream	Vanilla Ice Cream	MESSAGE	blazeandcave:trophy/freezing	Видимое BACAP сообщение из bacap.zip:data/bacap_rewards/function/trophy/monsters/freezing.mcfunction	
Is it a bird?	Is it a bird?	MESSAGE	blazeandcave:trophy/frequent_flyer	Видимое BACAP сообщение из bacap.zip:data/bacap_rewards/function/trophy/statistics/frequent_flyer.mcfunction	
Is it a plane?	Is it a plane?	MESSAGE	blazeandcave:trophy/frequent_flyer	Видимое BACAP сообщение из bacap.zip:data/bacap_rewards/function/trophy/statistics/frequent_flyer.mcfunction	
Is it an egg salad sandwich?	Is it an egg salad sandwich?	MESSAGE	blazeandcave:trophy/frequent_flyer	Видимое BACAP сообщение из bacap.zip:data/bacap_rewards/function/trophy/statistics/frequent_flyer.mcfunction	
No way, it's a Charizard!	No way, it's a Charizard!	MESSAGE	blazeandcave:trophy/frequent_flyer	Видимое BACAP сообщение из bacap.zip:data/bacap_rewards/function/trophy/statistics/frequent_flyer.mcfunction	
Superman's Cape	Superman's Cape	MESSAGE	blazeandcave:trophy/frequent_flyer	Видимое BACAP сообщение из bacap.zip:data/bacap_rewards/function/trophy/statistics/frequent_flyer.mcfunction	
What are you doing reading this for? Go get Advancement Legend already!	What are you doing reading this for? Go get Advancement Legend already!	MESSAGE	blazeandcave:trophy/fruit_of_the_looms	Видимое BACAP сообщение из bacap.zip:data/bacap_rewards/function/trophy/building/fruit_of_the_looms.mcfunction	
Fast and Furious	Fast and Furious	MESSAGE	blazeandcave:trophy/furious_ammunition	Видимое BACAP сообщение из bacap.zip:data/bacap_rewards/function/trophy/potion/furious_ammunition.mcfunction	
Getting shot by this will make you fast and furious	Getting shot by this will make you fast and furious	MESSAGE	blazeandcave:trophy/furious_ammunition	Видимое BACAP сообщение из bacap.zip:data/bacap_rewards/function/trophy/potion/furious_ammunition.mcfunction	
P.U!	P.U!	MESSAGE	blazeandcave:trophy/gas_bomb	Видимое BACAP сообщение из bacap.zip:data/bacap_rewards/function/trophy/potion/gas_bomb.mcfunction	
Stink Bomb	Stink Bomb	MESSAGE	blazeandcave:trophy/gas_bomb	Видимое BACAP сообщение из bacap.zip:data/bacap_rewards/function/trophy/potion/gas_bomb.mcfunction	
God Particle	God Particle	MESSAGE	blazeandcave:trophy/giga_xp_grinder	Видимое BACAP сообщение из bacap.zip:data/bacap_rewards/function/trophy/statistics/giga_xp_grinder.mcfunction	
so crucial to our final understanding of the structure of matter,	so crucial to our final understanding of the structure of matter,	MESSAGE	blazeandcave:trophy/giga_xp_grinder	Видимое BACAP сообщение из bacap.zip:data/bacap_rewards/function/trophy/statistics/giga_xp_grinder.mcfunction	
This boson is so central to the state of physics today,	This boson is so central to the state of physics today,	MESSAGE	blazeandcave:trophy/giga_xp_grinder	Видимое BACAP сообщение из bacap.zip:data/bacap_rewards/function/trophy/statistics/giga_xp_grinder.mcfunction	
yet so elusive…	yet so elusive…	MESSAGE	blazeandcave:trophy/giga_xp_grinder	Видимое BACAP сообщение из bacap.zip:data/bacap_rewards/function/trophy/statistics/giga_xp_grinder.mcfunction	
He's number one	He's number one	MESSAGE	blazeandcave:trophy/global_railway_network	Видимое BACAP сообщение из bacap.zip:data/bacap_rewards/function/trophy/statistics/global_railway_network.mcfunction	
Thomas the Tank Engine	Thomas the Tank Engine	MESSAGE	blazeandcave:trophy/global_railway_network	Видимое BACAP сообщение из bacap.zip:data/bacap_rewards/function/trophy/statistics/global_railway_network.mcfunction	
Perfectly balanced, as all things should be	Perfectly balanced, as all things should be	MESSAGE	blazeandcave:trophy/global_vaccination	Видимое BACAP сообщение из bacap.zip:data/bacap_rewards/function/trophy/challenges/global_vaccination.mcfunction	
Time Stone	Time Stone	MESSAGE	blazeandcave:trophy/global_vaccination	Видимое BACAP сообщение из bacap.zip:data/bacap_rewards/function/trophy/challenges/global_vaccination.mcfunction	
Amalgamation	Amalgamation	MESSAGE	blazeandcave:trophy/good_luck_getting_this_one	Видимое BACAP сообщение из bacap.zip:data/bacap_rewards/function/trophy/end/good_luck_getting_this_one.mcfunction	
appears to have morphed them all together	appears to have morphed them all together	MESSAGE	blazeandcave:trophy/good_luck_getting_this_one	Видимое BACAP сообщение из bacap.zip:data/bacap_rewards/function/trophy/end/good_luck_getting_this_one.mcfunction	
The sheer gravitational forces of killing these mobs	The sheer gravitational forces of killing these mobs	MESSAGE	blazeandcave:trophy/good_luck_getting_this_one	Видимое BACAP сообщение из bacap.zip:data/bacap_rewards/function/trophy/end/good_luck_getting_this_one.mcfunction	
Handsome Pumpkin	Handsome Pumpkin	MESSAGE	blazeandcave:trophy/handsome_jack	Видимое BACAP сообщение из bacap.zip:data/bacap_rewards/function/trophy/monsters/handsome_jack.mcfunction	
This guy rushes me with a spoon... A freakin' spoon!	This guy rushes me with a spoon... A freakin' spoon!	MESSAGE	blazeandcave:trophy/handsome_jack	Видимое BACAP сообщение из bacap.zip:data/bacap_rewards/function/trophy/monsters/handsome_jack.mcfunction	
Birthday Cake	Birthday Cake	MESSAGE	blazeandcave:trophy/happy_birthday	Видимое BACAP сообщение из bacap.zip:data/bacap_rewards/function/trophy/building/happy_birthday.mcfunction	
It's the final countdown!	It's the final countdown!	MESSAGE	blazeandcave:trophy/happy_new_year	Видимое BACAP сообщение из bacap.zip:data/bacap_rewards/function/trophy/statistics/happy_new_year.mcfunction	
New Year's Firework	New Year's Firework	MESSAGE	blazeandcave:trophy/happy_new_year	Видимое BACAP сообщение из bacap.zip:data/bacap_rewards/function/trophy/statistics/happy_new_year.mcfunction	
and contains a single feather from the tail of a phoenix	and contains a single feather from the tail of a phoenix	MESSAGE	blazeandcave:trophy/harry_potter	Видимое BACAP сообщение из bacap.zip:data/bacap_rewards/function/trophy/building/harry_potter.mcfunction	
Has no function in the hands of a mere muggle	Has no function in the hands of a mere muggle	MESSAGE	blazeandcave:trophy/harry_potter	Видимое BACAP сообщение из bacap.zip:data/bacap_rewards/function/trophy/building/harry_potter.mcfunction	
Made of holly, eleven inches long,	Made of holly, eleven inches long,	MESSAGE	blazeandcave:trophy/harry_potter	Видимое BACAP сообщение из bacap.zip:data/bacap_rewards/function/trophy/building/harry_potter.mcfunction	
Magic Wand	Magic Wand	MESSAGE	blazeandcave:trophy/harry_potter	Видимое BACAP сообщение из bacap.zip:data/bacap_rewards/function/trophy/building/harry_potter.mcfunction	
Heart of a Siren	Heart of a Siren	MESSAGE	blazeandcave:trophy/hearts_of_the_stack	Видимое BACAP сообщение из bacap.zip:data/bacap_rewards/function/trophy/challenges/hearts_of_the_stack.mcfunction	
No, not sirenhead!	No, not sirenhead!	MESSAGE	blazeandcave:trophy/hearts_of_the_stack	Видимое BACAP сообщение из bacap.zip:data/bacap_rewards/function/trophy/challenges/hearts_of_the_stack.mcfunction	
The Moon	The Moon	MESSAGE	blazeandcave:trophy/hey_you_two_should_kiss	Видимое BACAP сообщение из bacap.zip:data/bacap_rewards/function/trophy/adventure/hey_you_two_should_kiss.mcfunction	
ACDC - Back in Black	ACDC - Back in Black	MESSAGE	blazeandcave:trophy/highway_to_hell	Видимое BACAP сообщение из bacap.zip:data/bacap_rewards/function/trophy/challenges/highway_to_hell.mcfunction	
Back in Black stomped Highway to Hell in terms of success	Back in Black stomped Highway to Hell in terms of success	MESSAGE	blazeandcave:trophy/highway_to_hell	Видимое BACAP сообщение из bacap.zip:data/bacap_rewards/function/trophy/challenges/highway_to_hell.mcfunction	
Please drink this	Please drink this	MESSAGE	blazeandcave:trophy/how_did_we_get_here	Видимое BACAP сообщение из bacap.zip:data/bacap_rewards/function/trophy/challenges/how_did_we_get_here.mcfunction	
Stale Milk	Stale Milk	MESSAGE	blazeandcave:trophy/how_did_we_get_here	Видимое BACAP сообщение из bacap.zip:data/bacap_rewards/function/trophy/challenges/how_did_we_get_here.mcfunction	
Groot's Stick	Groot's Stick	MESSAGE	blazeandcave:trophy/i_am_loot	Видимое BACAP сообщение из bacap.zip:data/bacap_rewards/function/trophy/challenges/i_am_loot.mcfunction	
I am Groot	I am Groot	MESSAGE	blazeandcave:trophy/i_am_loot	Видимое BACAP сообщение из bacap.zip:data/bacap_rewards/function/trophy/challenges/i_am_loot.mcfunction	
The statistics tab shall no longer be the grindy super challenges tab	The statistics tab shall no longer be the grindy super challenges tab	MESSAGE	blazeandcave:trophy/i_enjoy_long_walks_and_playing_minecraft	Видимое BACAP сообщение из bacap.zip:data/bacap_rewards/function/trophy/statistics/i_enjoy_long_walks_and_playing_minecraft.mcfunction	
World's Most Reliable Shoes	World's Most Reliable Shoes	MESSAGE	blazeandcave:trophy/i_enjoy_long_walks_and_playing_minecraft	Видимое BACAP сообщение из bacap.zip:data/bacap_rewards/function/trophy/statistics/i_enjoy_long_walks_and_playing_minecraft.mcfunction	
and not come across one of these?	and not come across one of these?	MESSAGE	blazeandcave:trophy/i_heart_chests	Видимое BACAP сообщение из bacap.zip:data/bacap_rewards/function/trophy/statistics/i_heart_chests.mcfunction	
Mimic	Mimic	MESSAGE	blazeandcave:trophy/i_heart_chests	Видимое BACAP сообщение из bacap.zip:data/bacap_rewards/function/trophy/statistics/i_heart_chests.mcfunction	
You didn't think you could open that many chests	You didn't think you could open that many chests	MESSAGE	blazeandcave:trophy/i_heart_chests	Видимое BACAP сообщение из bacap.zip:data/bacap_rewards/function/trophy/statistics/i_heart_chests.mcfunction	
Steve's Head	Steve's Head	MESSAGE	blazeandcave:trophy/i_yearned_for_the_mines	Видимое BACAP сообщение из bacap.zip:data/bacap_rewards/function/trophy/mining/i_yearned_for_the_mines.mcfunction	
Cosmonaut Helmet	Cosmonaut Helmet	MESSAGE	blazeandcave:trophy/im_in_space	Видимое BACAP сообщение из bacap.zip:data/bacap_rewards/function/trophy/challenges/im_in_space.mcfunction	
It was a Russian who was the first who could truly say this	It was a Russian who was the first who could truly say this	MESSAGE	blazeandcave:trophy/im_in_space	Видимое BACAP сообщение из bacap.zip:data/bacap_rewards/function/trophy/challenges/im_in_space.mcfunction	
Totem of Immortality	Totem of Immortality	MESSAGE	blazeandcave:trophy/immortal	Видимое BACAP сообщение из bacap.zip:data/bacap_rewards/function/trophy/challenges/immortal.mcfunction	
You'll be immortal as long as you don't die	You'll be immortal as long as you don't die	MESSAGE	blazeandcave:trophy/immortal	Видимое BACAP сообщение из bacap.zip:data/bacap_rewards/function/trophy/challenges/immortal.mcfunction	
Ender Arrow	Ender Arrow	MESSAGE	blazeandcave:trophy/impossible	Видимое BACAP сообщение из bacap.zip:data/bacap_rewards/function/trophy/monsters/impossible.mcfunction	
This arrow ended an enderman. Seems impossible...	This arrow ended an enderman. Seems impossible...	MESSAGE	blazeandcave:trophy/impossible	Видимое BACAP сообщение из bacap.zip:data/bacap_rewards/function/trophy/monsters/impossible.mcfunction	
If it falls over, it's not a dream	If it falls over, it's not a dream	MESSAGE	blazeandcave:trophy/inception	Видимое BACAP сообщение из bacap.zip:data/bacap_rewards/function/trophy/nether/inception.mcfunction	
Spinny Top	Spinny Top	MESSAGE	blazeandcave:trophy/inception	Видимое BACAP сообщение из bacap.zip:data/bacap_rewards/function/trophy/nether/inception.mcfunction	
Beds are for losers	Beds are for losers	MESSAGE	blazeandcave:trophy/insomniac	Видимое BACAP сообщение из bacap.zip:data/bacap_rewards/function/trophy/building/insomniac.mcfunction	
Sleepless Anchor	Sleepless Anchor	MESSAGE	blazeandcave:trophy/insomniac	Видимое BACAP сообщение из bacap.zip:data/bacap_rewards/function/trophy/building/insomniac.mcfunction	
Hours of sick fun for the whole family!	Hours of sick fun for the whole family!	MESSAGE	blazeandcave:trophy/jumping_jacks	Видимое BACAP сообщение из bacap.zip:data/bacap_rewards/function/trophy/statistics/jumping_jacks.mcfunction	
Portable Trampoline	Portable Trampoline	MESSAGE	blazeandcave:trophy/jumping_jacks	Видимое BACAP сообщение из bacap.zip:data/bacap_rewards/function/trophy/statistics/jumping_jacks.mcfunction	
Klefki	Klefki	MESSAGE	blazeandcave:trophy/keys_to_success	Видимое BACAP сообщение из bacap.zip:data/bacap_rewards/function/trophy/adventure/keys_to_success.mcfunction	
All what's left of Asriel, the monsters' prince	All what's left of Asriel, the monsters' prince	MESSAGE	blazeandcave:trophy/kill_or_be_killed	Видимое BACAP сообщение из bacap.zip:data/bacap_rewards/function/trophy/statistics/kill_or_be_killed.mcfunction	
Flowey the Flower	Flowey the Flower	MESSAGE	blazeandcave:trophy/kill_or_be_killed	Видимое BACAP сообщение из bacap.zip:data/bacap_rewards/function/trophy/statistics/kill_or_be_killed.mcfunction	
The Torch God shall no longer haunt Minecraft	The Torch God shall no longer haunt Minecraft	MESSAGE	blazeandcave:trophy/let_there_be_light	Видимое BACAP сообщение из bacap.zip:data/bacap_rewards/function/trophy/building/let_there_be_light.mcfunction	
Torch God's Favor	Torch God's Favor	MESSAGE	blazeandcave:trophy/let_there_be_light	Видимое BACAP сообщение из bacap.zip:data/bacap_rewards/function/trophy/building/let_there_be_light.mcfunction	
It's just an empty cup	It's just an empty cup	MESSAGE	blazeandcave:trophy/lightning_mcpig	Видимое BACAP сообщение из bacap.zip:data/bacap_rewards/function/trophy/statistics/lightning_mcpig.mcfunction	
Piston Cup	Piston Cup	MESSAGE	blazeandcave:trophy/lightning_mcpig	Видимое BACAP сообщение из bacap.zip:data/bacap_rewards/function/trophy/statistics/lightning_mcpig.mcfunction	
Plaid Block	Plaid Block	MESSAGE	blazeandcave:trophy/ludicrous_speed	Видимое BACAP сообщение из bacap.zip:data/bacap_rewards/function/trophy/nether/ludicrous_speed.mcfunction	
They've gone to plaid!	They've gone to plaid!	MESSAGE	blazeandcave:trophy/ludicrous_speed	Видимое BACAP сообщение из bacap.zip:data/bacap_rewards/function/trophy/nether/ludicrous_speed.mcfunction	
acne, extensive back pain and more...	acne, extensive back pain and more...	MESSAGE	blazeandcave:trophy/mad_scientist	Видимое BACAP сообщение из bacap.zip:data/bacap_rewards/function/trophy/potion/mad_scientist.mcfunction	
Side effects include possible stomach ache, 20/20 vision,	Side effects include possible stomach ache, 20/20 vision,	MESSAGE	blazeandcave:trophy/mad_scientist	Видимое BACAP сообщение из bacap.zip:data/bacap_rewards/function/trophy/potion/mad_scientist.mcfunction	
Unknown Mixture	Unknown Mixture	MESSAGE	blazeandcave:trophy/mad_scientist	Видимое BACAP сообщение из bacap.zip:data/bacap_rewards/function/trophy/potion/mad_scientist.mcfunction	
Santa's Present	Santa's Present	MESSAGE	blazeandcave:trophy/master_coal_miner	Видимое BACAP сообщение из bacap.zip:data/bacap_rewards/function/trophy/mining/master_coal_miner.mcfunction	
Someone's been naughty this year...	Someone's been naughty this year...	MESSAGE	blazeandcave:trophy/master_coal_miner	Видимое BACAP сообщение из bacap.zip:data/bacap_rewards/function/trophy/mining/master_coal_miner.mcfunction	
Allayed in favour of the Allay	Allayed in favour of the Allay	MESSAGE	blazeandcave:trophy/master_copper_miner	Видимое BACAP сообщение из bacap.zip:data/bacap_rewards/function/trophy/mining/master_copper_miner.mcfunction	
Copper Golem	Copper Golem	MESSAGE	blazeandcave:trophy/master_copper_miner	Видимое BACAP сообщение из bacap.zip:data/bacap_rewards/function/trophy/mining/master_copper_miner.mcfunction	
Mayor's Throne	Mayor's Throne	MESSAGE	blazeandcave:trophy/master_diamond_miner	Видимое BACAP сообщение из bacap.zip:data/bacap_rewards/function/trophy/mining/master_diamond_miner.mcfunction	
MUMBO FOR MAYOR!	MUMBO FOR MAYOR!	MESSAGE	blazeandcave:trophy/master_diamond_miner	Видимое BACAP сообщение из bacap.zip:data/bacap_rewards/function/trophy/mining/master_diamond_miner.mcfunction	
Steam Engine	Steam Engine	MESSAGE	blazeandcave:trophy/master_engineer	Видимое BACAP сообщение из bacap.zip:data/bacap_rewards/function/trophy/redstone/master_engineer.mcfunction	
The beginning of the Industrial Revolution	The beginning of the Industrial Revolution	MESSAGE	blazeandcave:trophy/master_engineer	Видимое BACAP сообщение из bacap.zip:data/bacap_rewards/function/trophy/redstone/master_engineer.mcfunction	
Cowboy Hat	Cowboy Hat	MESSAGE	blazeandcave:trophy/master_farrier	Видимое BACAP сообщение из bacap.zip:data/bacap_rewards/function/trophy/animal/master_farrier.mcfunction	
Golem Kit	Golem Kit	MESSAGE	blazeandcave:trophy/master_iron_miner	Видимое BACAP сообщение из bacap.zip:data/bacap_rewards/function/trophy/mining/master_iron_miner.mcfunction	
The pumpkin is sold separately	The pumpkin is sold separately	MESSAGE	blazeandcave:trophy/master_iron_miner	Видимое BACAP сообщение из bacap.zip:data/bacap_rewards/function/trophy/mining/master_iron_miner.mcfunction	
Logolas	Logolas	MESSAGE	blazeandcave:trophy/master_logger	Видимое BACAP сообщение из bacap.zip:data/bacap_rewards/function/trophy/building/master_logger.mcfunction	
The axe of choice by the masters of chopping	The axe of choice by the masters of chopping	MESSAGE	blazeandcave:trophy/master_logger	Видимое BACAP сообщение из bacap.zip:data/bacap_rewards/function/trophy/building/master_logger.mcfunction	
Baked by a chef and hermit known for	Baked by a chef and hermit known for	MESSAGE	blazeandcave:trophy/master_miner	Видимое BACAP сообщение из bacap.zip:data/bacap_rewards/function/trophy/enchanting/master_miner.mcfunction	
extensive and exquisite branch mining	extensive and exquisite branch mining	MESSAGE	blazeandcave:trophy/master_miner	Видимое BACAP сообщение из bacap.zip:data/bacap_rewards/function/trophy/enchanting/master_miner.mcfunction	
Tinfoil Mining Helmet	Tinfoil Mining Helmet	MESSAGE	blazeandcave:trophy/master_miner	Видимое BACAP сообщение из bacap.zip:data/bacap_rewards/function/trophy/enchanting/master_miner.mcfunction	
Brick Astley	Brick Astley	MESSAGE	blazeandcave:trophy/master_netherite_miner	Видимое BACAP сообщение из bacap.zip:data/bacap_rewards/function/trophy/nether/master_netherite_miner.mcfunction	
Nether gonna brick you up!	Nether gonna brick you up!	MESSAGE	blazeandcave:trophy/master_netherite_miner	Видимое BACAP сообщение из bacap.zip:data/bacap_rewards/function/trophy/nether/master_netherite_miner.mcfunction	
Should have spoken to the Keaton Mask Soldier	Should have spoken to the Keaton Mask Soldier	MESSAGE	blazeandcave:trophy/master_shieldsman	Видимое BACAP сообщение из bacap.zip:data/bacap_rewards/function/trophy/weaponry/master_shieldsman.mcfunction	
The Hylian Shield	The Hylian Shield	MESSAGE	blazeandcave:trophy/master_shieldsman	Видимое BACAP сообщение из bacap.zip:data/bacap_rewards/function/trophy/weaponry/master_shieldsman.mcfunction	
to get a discount at the Bazaar	to get a discount at the Bazaar	MESSAGE	blazeandcave:trophy/master_shieldsman	Видимое BACAP сообщение из bacap.zip:data/bacap_rewards/function/trophy/weaponry/master_shieldsman.mcfunction	
Awarded to players who prove themselves as unbreakable as this object	Awarded to players who prove themselves as unbreakable as this object	MESSAGE	blazeandcave:trophy/maximum_resistance	Видимое BACAP сообщение из bacap.zip:data/bacap_rewards/function/trophy/monsters/maximum_resistance.mcfunction	
Nokia 3310	Nokia 3310	MESSAGE	blazeandcave:trophy/maximum_resistance	Видимое BACAP сообщение из bacap.zip:data/bacap_rewards/function/trophy/monsters/maximum_resistance.mcfunction	
Molten Ice Cream	Molten Ice Cream	MESSAGE	blazeandcave:trophy/melting	Видимое BACAP сообщение из bacap.zip:data/bacap_rewards/function/trophy/monsters/melting.mcfunction	
Noo! My ice cream! T_T	Noo! My ice cream! T_T	MESSAGE	blazeandcave:trophy/melting	Видимое BACAP сообщение из bacap.zip:data/bacap_rewards/function/trophy/monsters/melting.mcfunction	
Miner's Trophy	Miner's Trophy	MESSAGE	blazeandcave:trophy/mining_milestone	Видимое BACAP сообщение из bacap.zip:data/bacap_rewards/function/trophy/bacap/mining_milestone.mcfunction	
Available at stores now	Available at stores now	MESSAGE	blazeandcave:trophy/monsters_hunted	Видимое BACAP сообщение из bacap.zip:data/bacap_rewards/function/trophy/monsters/monsters_hunted.mcfunction	
Mobestiary	Mobestiary	MESSAGE	blazeandcave:trophy/monsters_hunted	Видимое BACAP сообщение из bacap.zip:data/bacap_rewards/function/trophy/monsters/monsters_hunted.mcfunction	
I was wrong, love's a con	I was wrong, love's a con	MESSAGE	blazeandcave:trophy/monstrous_music	Видимое BACAP сообщение из bacap.zip:data/bacap_rewards/function/trophy/redstone/monstrous_music.mcfunction	
The Midnight - Monsters	The Midnight - Monsters	MESSAGE	blazeandcave:trophy/monstrous_music	Видимое BACAP сообщение из bacap.zip:data/bacap_rewards/function/trophy/redstone/monstrous_music.mcfunction	
Bean Block	Bean Block	MESSAGE	blazeandcave:trophy/mr_bean	Видимое BACAP сообщение из bacap.zip:data/bacap_rewards/function/trophy/mining/mr_bean.mcfunction	
Mmm, tasty	Mmm, tasty	MESSAGE	blazeandcave:trophy/mr_bean	Видимое BACAP сообщение из bacap.zip:data/bacap_rewards/function/trophy/mining/mr_bean.mcfunction	
It's a sword, axe andâ¦	It's a sword, axe andâ¦	MESSAGE	blazeandcave:trophy/multiclassed	Видимое BACAP сообщение из bacap.zip:data/bacap_rewards/function/trophy/weaponry/multiclassed.mcfunction	
Multiweapon	Multiweapon	MESSAGE	blazeandcave:trophy/multiclassed	Видимое BACAP сообщение из bacap.zip:data/bacap_rewards/function/trophy/weaponry/multiclassed.mcfunction	
Never mind, it broke	Never mind, it broke	MESSAGE	blazeandcave:trophy/multiclassed	Видимое BACAP сообщение из bacap.zip:data/bacap_rewards/function/trophy/weaponry/multiclassed.mcfunction	
Crown of the Potato King	Crown of the Potato King	MESSAGE	blazeandcave:trophy/nerds_never_die	Видимое BACAP сообщение из bacap.zip:data/bacap_rewards/function/trophy/adventure/nerds_never_die.mcfunction	
Barry B. Benson	Barry B. Benson	MESSAGE	blazeandcave:trophy/nest_quick	Видимое BACAP сообщение из bacap.zip:data/bacap_rewards/function/trophy/animal/nest_quick.mcfunction	
Dab on dem haters	Dab on dem haters	MESSAGE	blazeandcave:trophy/netherite_mad_lad	Видимое BACAP сообщение из bacap.zip:data/bacap_rewards/function/trophy/nether/netherite_mad_lad.mcfunction	
Ultimate Flex	Ultimate Flex	MESSAGE	blazeandcave:trophy/netherite_mad_lad	Видимое BACAP сообщение из bacap.zip:data/bacap_rewards/function/trophy/nether/netherite_mad_lad.mcfunction	
Everybody good? Plenty of slaves for my robot colony?	Everybody good? Plenty of slaves for my robot colony?	MESSAGE	blazeandcave:trophy/no_dont_let_me_leave_murph	Видимое BACAP сообщение из bacap.zip:data/bacap_rewards/function/trophy/end/no_dont_let_me_leave_murph.mcfunction	
TARS	TARS	MESSAGE	blazeandcave:trophy/no_dont_let_me_leave_murph	Видимое BACAP сообщение из bacap.zip:data/bacap_rewards/function/trophy/end/no_dont_let_me_leave_murph.mcfunction	
The Warden's Sign	The Warden's Sign	MESSAGE	blazeandcave:trophy/not_afraid_of_heights	Видимое BACAP сообщение из bacap.zip:data/bacap_rewards/function/trophy/monsters/not_afraid_of_heights.mcfunction	
This sign canât stop me because I can't see!	This sign canât stop me because I can't see!	MESSAGE	blazeandcave:trophy/not_afraid_of_heights	Видимое BACAP сообщение из bacap.zip:data/bacap_rewards/function/trophy/monsters/not_afraid_of_heights.mcfunction	
Nuclear Reactor	Nuclear Reactor	MESSAGE	blazeandcave:trophy/nuclear_fusion	Видимое BACAP сообщение из bacap.zip:data/bacap_rewards/function/trophy/challenges/nuclear_fusion.mcfunction	
You have transcended humanity's progression	You have transcended humanity's progression	MESSAGE	blazeandcave:trophy/nuclear_fusion	Видимое BACAP сообщение из bacap.zip:data/bacap_rewards/function/trophy/challenges/nuclear_fusion.mcfunction	
Jeb's Head	Jeb's Head	MESSAGE	blazeandcave:trophy/nyan_sheep	Видимое BACAP сообщение из bacap.zip:data/bacap_rewards/function/trophy/adventure/nyan_sheep.mcfunction	
Gold Medal	Gold Medal	MESSAGE	blazeandcave:trophy/olympic_gold_medallist	Видимое BACAP сообщение из bacap.zip:data/bacap_rewards/function/trophy/statistics/olympic_gold_medallist.mcfunction	
Probably not real gold	Probably not real gold	MESSAGE	blazeandcave:trophy/olympic_gold_medallist	Видимое BACAP сообщение из bacap.zip:data/bacap_rewards/function/trophy/statistics/olympic_gold_medallist.mcfunction	
Hey Ferb, I know what we're gonna do today!	Hey Ferb, I know what we're gonna do today!	MESSAGE	blazeandcave:trophy/on_a_rail	Видимое BACAP сообщение из bacap.zip:data/bacap_rewards/function/trophy/redstone/on_a_rail.mcfunction	
Roller Coaster Cart	Roller Coaster Cart	MESSAGE	blazeandcave:trophy/on_a_rail	Видимое BACAP сообщение из bacap.zip:data/bacap_rewards/function/trophy/redstone/on_a_rail.mcfunction	
Look Morty, I've turned myself into a pickle!	Look Morty, I've turned myself into a pickle!	MESSAGE	blazeandcave:trophy/one_pickle_two_pickle_sea_pickle_four	Видимое BACAP сообщение из bacap.zip:data/bacap_rewards/function/trophy/building/one_pickle_two_pickle_sea_pickle_four.mcfunction	
Pickle Rick	Pickle Rick	MESSAGE	blazeandcave:trophy/one_pickle_two_pickle_sea_pickle_four	Видимое BACAP сообщение из bacap.zip:data/bacap_rewards/function/trophy/building/one_pickle_two_pickle_sea_pickle_four.mcfunction	
A rare specimen of emeralds embedded in the deepest of caves	A rare specimen of emeralds embedded in the deepest of caves	MESSAGE	blazeandcave:trophy/oresome	Видимое BACAP сообщение из bacap.zip:data/bacap_rewards/function/trophy/mining/oresome.mcfunction	
Deepslate Emerald Ore	Deepslate Emerald Ore	MESSAGE	blazeandcave:trophy/oresome	Видимое BACAP сообщение из bacap.zip:data/bacap_rewards/function/trophy/mining/oresome.mcfunction	
(though in honesty killing everything in one punch	(though in honesty killing everything in one punch	MESSAGE	blazeandcave:trophy/over_overkill	Видимое BACAP сообщение из bacap.zip:data/bacap_rewards/function/trophy/enchanting/over_overkill.mcfunction	
gets kinda boring after awhile…)	gets kinda boring after awhile…)	MESSAGE	blazeandcave:trophy/over_overkill	Видимое BACAP сообщение из bacap.zip:data/bacap_rewards/function/trophy/enchanting/over_overkill.mcfunction	
ONE PUUUUUNNNCCHHH!!!	ONE PUUUUUNNNCCHHH!!!	MESSAGE	blazeandcave:trophy/over_overkill	Видимое BACAP сообщение из bacap.zip:data/bacap_rewards/function/trophy/enchanting/over_overkill.mcfunction	
One-Punch Man's Fist	One-Punch Man's Fist	MESSAGE	blazeandcave:trophy/over_overkill	Видимое BACAP сообщение из bacap.zip:data/bacap_rewards/function/trophy/enchanting/over_overkill.mcfunction	
Earth	Earth	MESSAGE	blazeandcave:trophy/overpopulation	Видимое BACAP сообщение из bacap.zip:data/bacap_rewards/function/trophy/animal/overpopulation.mcfunction	
Eight billion people on the planet	Eight billion people on the planet	MESSAGE	blazeandcave:trophy/overpopulation	Видимое BACAP сообщение из bacap.zip:data/bacap_rewards/function/trophy/animal/overpopulation.mcfunction	
Now that sounds overpopulated	Now that sounds overpopulated	MESSAGE	blazeandcave:trophy/overpopulation	Видимое BACAP сообщение из bacap.zip:data/bacap_rewards/function/trophy/animal/overpopulation.mcfunction	
now there are 50 of them!	now there are 50 of them!	MESSAGE	blazeandcave:trophy/overwarden	Видимое BACAP сообщение из bacap.zip:data/bacap_rewards/function/trophy/challenges/overwarden.mcfunction	
This is getting out of hand…	This is getting out of hand…	MESSAGE	blazeandcave:trophy/overwarden	Видимое BACAP сообщение из bacap.zip:data/bacap_rewards/function/trophy/challenges/overwarden.mcfunction	
Viceroy Nute Gunray	Viceroy Nute Gunray	MESSAGE	blazeandcave:trophy/overwarden	Видимое BACAP сообщение из bacap.zip:data/bacap_rewards/function/trophy/challenges/overwarden.mcfunction	
Bamboo Sword	Bamboo Sword	MESSAGE	blazeandcave:trophy/pandamonium	Видимое BACAP сообщение из bacap.zip:data/bacap_rewards/function/trophy/biomes/pandamonium.mcfunction	
Baseball Bat	Baseball Bat	MESSAGE	blazeandcave:trophy/pixel_perfect	Видимое BACAP сообщение из bacap.zip:data/bacap_rewards/function/trophy/mining/pixel_perfect.mcfunction	
I thought you meant this bat!	I thought you meant this bat!	MESSAGE	blazeandcave:trophy/pixel_perfect	Видимое BACAP сообщение из bacap.zip:data/bacap_rewards/function/trophy/mining/pixel_perfect.mcfunction	
What?... Oh, when you said stare at a bat,	What?... Oh, when you said stare at a bat,	MESSAGE	blazeandcave:trophy/pixel_perfect	Видимое BACAP сообщение из bacap.zip:data/bacap_rewards/function/trophy/mining/pixel_perfect.mcfunction	
Poglin	Poglin	MESSAGE	blazeandcave:trophy/poglin	Видимое BACAP сообщение из bacap.zip:data/bacap_rewards/function/trophy/challenges/poglin.mcfunction	
So when I MLG water-bucket... Poglin!	So when I MLG water-bucket... Poglin!	MESSAGE	blazeandcave:trophy/poglin	Видимое BACAP сообщение из bacap.zip:data/bacap_rewards/function/trophy/challenges/poglin.mcfunction	
A certificate granting you the ability to teach	A certificate granting you the ability to teach	MESSAGE	blazeandcave:trophy/potion_master	Видимое BACAP сообщение из bacap.zip:data/bacap_rewards/function/trophy/challenges/potion_master.mcfunction	
Potion Master's Diploma	Potion Master's Diploma	MESSAGE	blazeandcave:trophy/potion_master	Видимое BACAP сообщение из bacap.zip:data/bacap_rewards/function/trophy/challenges/potion_master.mcfunction	
the subtle science and exact art of potion-making	the subtle science and exact art of potion-making	MESSAGE	blazeandcave:trophy/potion_master	Видимое BACAP сообщение из bacap.zip:data/bacap_rewards/function/trophy/challenges/potion_master.mcfunction	
Potion Brewer's Trophy	Potion Brewer's Trophy	MESSAGE	blazeandcave:trophy/potion_milestone	Видимое BACAP сообщение из bacap.zip:data/bacap_rewards/function/trophy/bacap/potion_milestone.mcfunction	
Golden Idol	Golden Idol	MESSAGE	blazeandcave:trophy/pottery_exhibition	Видимое BACAP сообщение из bacap.zip:data/bacap_rewards/function/trophy/adventure/pottery_exhibition.mcfunction	
Awarded to distinguished individuals who complete Etho’s challenge	Awarded to distinguished individuals who complete Etho’s challenge	MESSAGE	blazeandcave:trophy/pupil_poppers	Видимое BACAP сообщение из bacap.zip:data/bacap_rewards/function/trophy/monsters/pupil_poppers.mcfunction	
Etho's Anvil	Etho's Anvil	MESSAGE	blazeandcave:trophy/pupil_poppers	Видимое BACAP сообщение из bacap.zip:data/bacap_rewards/function/trophy/monsters/pupil_poppers.mcfunction	
Mechanic's Trophy	Mechanic's Trophy	MESSAGE	blazeandcave:trophy/redstone_milestone	Видимое BACAP сообщение из bacap.zip:data/bacap_rewards/function/trophy/bacap/redstone_milestone.mcfunction	
Awarded to this datapack for reaching 1000 advancements	Awarded to this datapack for reaching 1000 advancements	MESSAGE	blazeandcave:trophy/riddle_me_this	Видимое BACAP сообщение из bacap.zip:data/bacap_rewards/function/trophy/challenges/riddle_me_this.mcfunction	
Golden Advancement Plaque	Golden Advancement Plaque	MESSAGE	blazeandcave:trophy/riddle_me_this	Видимое BACAP сообщение из bacap.zip:data/bacap_rewards/function/trophy/challenges/riddle_me_this.mcfunction	
Ring of Bedrock	Ring of Bedrock	MESSAGE	blazeandcave:trophy/ring_of_the_end	Видимое BACAP сообщение из bacap.zip:data/bacap_rewards/function/trophy/end/ring_of_the_end.mcfunction	
The end of the End	The end of the End	MESSAGE	blazeandcave:trophy/ring_of_the_end	Видимое BACAP сообщение из bacap.zip:data/bacap_rewards/function/trophy/end/ring_of_the_end.mcfunction	
8 hours	8 hours	MESSAGE	blazeandcave:trophy/rise_of_the_skeletons	Видимое BACAP сообщение из bacap.zip:data/bacap_rewards/function/trophy/challenges/rise_of_the_skeletons.mcfunction	
Did you do it?	Did you do it?	MESSAGE	blazeandcave:trophy/rise_of_the_skeletons	Видимое BACAP сообщение из bacap.zip:data/bacap_rewards/function/trophy/challenges/rise_of_the_skeletons.mcfunction	
Soul Stone	Soul Stone	MESSAGE	blazeandcave:trophy/rise_of_the_skeletons	Видимое BACAP сообщение из bacap.zip:data/bacap_rewards/function/trophy/challenges/rise_of_the_skeletons.mcfunction	
What did it cost?	What did it cost?	MESSAGE	blazeandcave:trophy/rise_of_the_skeletons	Видимое BACAP сообщение из bacap.zip:data/bacap_rewards/function/trophy/challenges/rise_of_the_skeletons.mcfunction	
Yes	Yes	MESSAGE	blazeandcave:trophy/rise_of_the_skeletons	Видимое BACAP сообщение из bacap.zip:data/bacap_rewards/function/trophy/challenges/rise_of_the_skeletons.mcfunction	
Black Pearl	Black Pearl	MESSAGE	blazeandcave:trophy/sailor_of_the_seven_seas	Видимое BACAP сообщение из bacap.zip:data/bacap_rewards/function/trophy/statistics/sailor_of_the_seven_seas.mcfunction	
Wherever we want to go, we'll go	Wherever we want to go, we'll go	MESSAGE	blazeandcave:trophy/sailor_of_the_seven_seas	Видимое BACAP сообщение из bacap.zip:data/bacap_rewards/function/trophy/statistics/sailor_of_the_seven_seas.mcfunction	
Firearm's Firearm	Firearm's Firearm	MESSAGE	blazeandcave:trophy/scourge_of_the_west	Видимое BACAP сообщение из bacap.zip:data/bacap_rewards/function/trophy/statistics/scourge_of_the_west.mcfunction	
Now how did this get here? Seriously?	Now how did this get here? Seriously?	MESSAGE	blazeandcave:trophy/scourge_of_the_west	Видимое BACAP сообщение из bacap.zip:data/bacap_rewards/function/trophy/statistics/scourge_of_the_west.mcfunction	
Farmer's Badge	Farmer's Badge	MESSAGE	blazeandcave:trophy/serious_dedication	Видимое BACAP сообщение из bacap.zip:data/bacap_rewards/function/trophy/farming/serious_dedication.mcfunction	
For the continued work you've put out there, take this reward!	For the continued work you've put out there, take this reward!	MESSAGE	blazeandcave:trophy/serious_dedication	Видимое BACAP сообщение из bacap.zip:data/bacap_rewards/function/trophy/farming/serious_dedication.mcfunction	
Fart in a Jar	Fart in a Jar	MESSAGE	blazeandcave:trophy/silent_but_deadly	Видимое BACAP сообщение из bacap.zip:data/bacap_rewards/function/trophy/enchanting/silent_but_deadly.mcfunction	
May annoy others	May annoy others	MESSAGE	blazeandcave:trophy/silent_but_deadly	Видимое BACAP сообщение из bacap.zip:data/bacap_rewards/function/trophy/enchanting/silent_but_deadly.mcfunction	
#NotSponsored	#NotSponsored	MESSAGE	blazeandcave:trophy/slabs_for_days	Видимое BACAP сообщение из bacap.zip:data/bacap_rewards/function/trophy/building/slabs_for_days.mcfunction	
Flex Tape	Flex Tape	MESSAGE	blazeandcave:trophy/slabs_for_days	Видимое BACAP сообщение из bacap.zip:data/bacap_rewards/function/trophy/building/slabs_for_days.mcfunction	
To show the power of Flex Tape, you sawed all the blocks in half!	To show the power of Flex Tape, you sawed all the blocks in half!	MESSAGE	blazeandcave:trophy/slabs_for_days	Видимое BACAP сообщение из bacap.zip:data/bacap_rewards/function/trophy/building/slabs_for_days.mcfunction	
Copper Shortsword	Copper Shortsword	MESSAGE	blazeandcave:trophy/sly_copper_the_copper_heist	Видимое BACAP сообщение из bacap.zip:data/bacap_rewards/function/trophy/mining/sly_copper_the_copper_heist.mcfunction	
The Moon Lord fears no weapon, but this one… it scares him	The Moon Lord fears no weapon, but this one… it scares him	MESSAGE	blazeandcave:trophy/sly_copper_the_copper_heist	Видимое BACAP сообщение из bacap.zip:data/bacap_rewards/function/trophy/mining/sly_copper_the_copper_heist.mcfunction	
Can he see or is he blind?	Can he see or is he blind?	MESSAGE	blazeandcave:trophy/smithing_with_style	Видимое BACAP сообщение из bacap.zip:data/bacap_rewards/function/trophy/adventure/smithing_with_style.mcfunction	
Has he lost his mind?	Has he lost his mind?	MESSAGE	blazeandcave:trophy/smithing_with_style	Видимое BACAP сообщение из bacap.zip:data/bacap_rewards/function/trophy/adventure/smithing_with_style.mcfunction	
Iron Man Suit	Iron Man Suit	MESSAGE	blazeandcave:trophy/smithing_with_style	Видимое BACAP сообщение из bacap.zip:data/bacap_rewards/function/trophy/adventure/smithing_with_style.mcfunction	
It is said to have contained all the evils in the world...	It is said to have contained all the evils in the world...	MESSAGE	blazeandcave:trophy/stack_all_the_blocks	Видимое BACAP сообщение из bacap.zip:data/bacap_rewards/function/trophy/challenges/stack_all_the_blocks.mcfunction	
Pandora's Box	Pandora's Box	MESSAGE	blazeandcave:trophy/stack_all_the_blocks	Видимое BACAP сообщение из bacap.zip:data/bacap_rewards/function/trophy/challenges/stack_all_the_blocks.mcfunction	
Doraemon's Pocket	Doraemon's Pocket	MESSAGE	blazeandcave:trophy/stack_all_the_items	Видимое BACAP сообщение из bacap.zip:data/bacap_rewards/function/trophy/challenges/stack_all_the_items.mcfunction	
I hope I can get thousands of diamonds in here	I hope I can get thousands of diamonds in here	MESSAGE	blazeandcave:trophy/stack_all_the_items	Видимое BACAP сообщение из bacap.zip:data/bacap_rewards/function/trophy/challenges/stack_all_the_items.mcfunction	
Mojang: That's the neat part - you don't!	Mojang: That's the neat part - you don't!	MESSAGE	blazeandcave:trophy/stealth_is_optional	Видимое BACAP сообщение из bacap.zip:data/bacap_rewards/function/trophy/monsters/stealth_is_optional.mcfunction	
Players: How are you meant to kill the Warden?	Players: How are you meant to kill the Warden?	MESSAGE	blazeandcave:trophy/stealth_is_optional	Видимое BACAP сообщение из bacap.zip:data/bacap_rewards/function/trophy/monsters/stealth_is_optional.mcfunction	
Warden Head	Warden Head	MESSAGE	blazeandcave:trophy/stealth_is_optional	Видимое BACAP сообщение из bacap.zip:data/bacap_rewards/function/trophy/monsters/stealth_is_optional.mcfunction	
You: Hold my golden carrots	You: Hold my golden carrots	MESSAGE	blazeandcave:trophy/stealth_is_optional	Видимое BACAP сообщение из bacap.zip:data/bacap_rewards/function/trophy/monsters/stealth_is_optional.mcfunction	
Wall Street	Wall Street	MESSAGE	blazeandcave:trophy/stockbroker	Видимое BACAP сообщение из bacap.zip:data/bacap_rewards/function/trophy/challenges/stockbroker.mcfunction	
Yes, it's a wall	Yes, it's a wall	MESSAGE	blazeandcave:trophy/stockbroker	Видимое BACAP сообщение из bacap.zip:data/bacap_rewards/function/trophy/challenges/stockbroker.mcfunction	
Big Pointy Arrow	Big Pointy Arrow	MESSAGE	blazeandcave:trophy/stonks	Видимое BACAP сообщение из bacap.zip:data/bacap_rewards/function/trophy/statistics/stonks.mcfunction	
Things are on the up and up!	Things are on the up and up!	MESSAGE	blazeandcave:trophy/stonks	Видимое BACAP сообщение из bacap.zip:data/bacap_rewards/function/trophy/statistics/stonks.mcfunction	
Aaah!..	Aaah!..	MESSAGE	blazeandcave:trophy/subspace_bubble	Видимое BACAP сообщение из bacap.zip:data/bacap_rewards/function/trophy/nether/subspace_bubble.mcfunction	
Is this some kind of portal?	Is this some kind of portal?	MESSAGE	blazeandcave:trophy/subspace_bubble	Видимое BACAP сообщение из bacap.zip:data/bacap_rewards/function/trophy/nether/subspace_bubble.mcfunction	
Wormhole	Wormhole	MESSAGE	blazeandcave:trophy/subspace_bubble	Видимое BACAP сообщение из bacap.zip:data/bacap_rewards/function/trophy/nether/subspace_bubble.mcfunction	
A telescope orbiting in outer space,	A telescope orbiting in outer space,	MESSAGE	blazeandcave:trophy/telescopic	Видимое BACAP сообщение из bacap.zip:data/bacap_rewards/function/trophy/challenges/telescopic.mcfunction	
Hubble Space Telescope	Hubble Space Telescope	MESSAGE	blazeandcave:trophy/telescopic	Видимое BACAP сообщение из bacap.zip:data/bacap_rewards/function/trophy/challenges/telescopic.mcfunction	
it can see to infinity and beyond	it can see to infinity and beyond	MESSAGE	blazeandcave:trophy/telescopic	Видимое BACAP сообщение из bacap.zip:data/bacap_rewards/function/trophy/challenges/telescopic.mcfunction	
But at the end of it all, it is all still made from stardust	But at the end of it all, it is all still made from stardust	MESSAGE	blazeandcave:trophy/terralithic	Видимое BACAP сообщение из bacap.zip:data/bacap_rewards/function/trophy/biomes/terralithic.mcfunction	
Stardust	Stardust	MESSAGE	blazeandcave:trophy/terralithic	Видимое BACAP сообщение из bacap.zip:data/bacap_rewards/function/trophy/biomes/terralithic.mcfunction	
You have explored everything this world has to offer	You have explored everything this world has to offer	MESSAGE	blazeandcave:trophy/terralithic	Видимое BACAP сообщение из bacap.zip:data/bacap_rewards/function/trophy/biomes/terralithic.mcfunction	
Mobbo	Mobbo	MESSAGE	blazeandcave:trophy/the_block_of_eternal_screaming	Видимое BACAP сообщение из bacap.zip:data/bacap_rewards/function/trophy/redstone/the_block_of_eternal_screaming.mcfunction	
They are your bestest friend!	They are your bestest friend!	MESSAGE	blazeandcave:trophy/the_block_of_eternal_screaming	Видимое BACAP сообщение из bacap.zip:data/bacap_rewards/function/trophy/redstone/the_block_of_eternal_screaming.mcfunction	
Devil's Pitchfork	Devil's Pitchfork	MESSAGE	blazeandcave:trophy/the_devils_distance	Видимое BACAP сообщение из bacap.zip:data/bacap_rewards/function/trophy/challenges/the_devils_distance.mcfunction	
One Hell Of A Time	One Hell Of A Time	MESSAGE	blazeandcave:trophy/the_devils_distance	Видимое BACAP сообщение из bacap.zip:data/bacap_rewards/function/trophy/challenges/the_devils_distance.mcfunction	
1000-degree knife	1000-degree knife	MESSAGE	blazeandcave:trophy/the_mighty_hunter	Видимое BACAP сообщение из bacap.zip:data/bacap_rewards/function/trophy/weaponry/the_mighty_hunter.mcfunction	
Mario's Hat	Mario's Hat	MESSAGE	blazeandcave:trophy/the_perfect_run	Видимое BACAP сообщение из bacap.zip:data/bacap_rewards/function/trophy/challenges/the_perfect_run.mcfunction	
Mario, number one! Yahoo!	Mario, number one! Yahoo!	MESSAGE	blazeandcave:trophy/the_perfect_run	Видимое BACAP сообщение из bacap.zip:data/bacap_rewards/function/trophy/challenges/the_perfect_run.mcfunction	
It was spelt like this for six whole snapshots	It was spelt like this for six whole snapshots	MESSAGE	blazeandcave:trophy/the_statue_of_liberty	Видимое BACAP сообщение из bacap.zip:data/bacap_rewards/function/trophy/mining/the_statue_of_liberty.mcfunction	
Weathered Copper BlocK	Weathered Copper BlocK	MESSAGE	blazeandcave:trophy/the_statue_of_liberty	Видимое BACAP сообщение из bacap.zip:data/bacap_rewards/function/trophy/mining/the_statue_of_liberty.mcfunction	
Armored Paws	Armored Paws	MESSAGE	blazeandcave:trophy/the_whole_pack	Видимое BACAP сообщение из bacap.zip:data/bacap_rewards/function/trophy/animal/the_whole_pack.mcfunction	
Fine, I'll add it myself!	Fine, I'll add it myself!	MESSAGE	blazeandcave:trophy/the_whole_pack	Видимое BACAP сообщение из bacap.zip:data/bacap_rewards/function/trophy/animal/the_whole_pack.mcfunction	
meaning they added a new item as a drop	meaning they added a new item as a drop	MESSAGE	blazeandcave:trophy/the_whole_pack	Видимое BACAP сообщение из bacap.zip:data/bacap_rewards/function/trophy/animal/the_whole_pack.mcfunction	
So Mojang said 1.20.5 was the Armored Paws drop,	So Mojang said 1.20.5 was the Armored Paws drop,	MESSAGE	blazeandcave:trophy/the_whole_pack	Видимое BACAP сообщение из bacap.zip:data/bacap_rewards/function/trophy/animal/the_whole_pack.mcfunction	
What, you're telling me there is no Armored Paws drop?	What, you're telling me there is no Armored Paws drop?	MESSAGE	blazeandcave:trophy/the_whole_pack	Видимое BACAP сообщение из bacap.zip:data/bacap_rewards/function/trophy/animal/the_whole_pack.mcfunction	
Eye of the Apocalypse	Eye of the Apocalypse	MESSAGE	blazeandcave:trophy/the_world_is_ending	Видимое BACAP сообщение из bacap.zip:data/bacap_rewards/function/trophy/challenges/the_world_is_ending.mcfunction	
The beginning of the end	The beginning of the end	MESSAGE	blazeandcave:trophy/the_world_is_ending	Видимое BACAP сообщение из bacap.zip:data/bacap_rewards/function/trophy/challenges/the_world_is_ending.mcfunction	
Really Really Pointy Arrow	Really Really Pointy Arrow	MESSAGE	blazeandcave:trophy/there_it_goes	Видимое BACAP сообщение из bacap.zip:data/bacap_rewards/function/trophy/weaponry/there_it_goes.mcfunction	
This deals more damage than it seems	This deals more damage than it seems	MESSAGE	blazeandcave:trophy/there_it_goes	Видимое BACAP сообщение из bacap.zip:data/bacap_rewards/function/trophy/weaponry/there_it_goes.mcfunction	
Strider Treat	Strider Treat	MESSAGE	blazeandcave:trophy/this_ride_is_lit_yo	Видимое BACAP сообщение из bacap.zip:data/bacap_rewards/function/trophy/statistics/this_ride_is_lit_yo.mcfunction	
Your strider deserved it	Your strider deserved it	MESSAGE	blazeandcave:trophy/this_ride_is_lit_yo	Видимое BACAP сообщение из bacap.zip:data/bacap_rewards/function/trophy/statistics/this_ride_is_lit_yo.mcfunction	
Harp String	Harp String	MESSAGE	blazeandcave:trophy/travelling_bard	Видимое BACAP сообщение из bacap.zip:data/bacap_rewards/function/trophy/redstone/travelling_bard.mcfunction	
Here! Have an extra.	Here! Have an extra.	MESSAGE	blazeandcave:trophy/travelling_bard	Видимое BACAP сообщение из bacap.zip:data/bacap_rewards/function/trophy/redstone/travelling_bard.mcfunction	
Playing so much must be wearing out your strings...	Playing so much must be wearing out your strings...	MESSAGE	blazeandcave:trophy/travelling_bard	Видимое BACAP сообщение из bacap.zip:data/bacap_rewards/function/trophy/redstone/travelling_bard.mcfunction	
A deluge is imminent	A deluge is imminent	MESSAGE	blazeandcave:trophy/two_by_two	Видимое BACAP сообщение из bacap.zip:data/bacap_rewards/function/trophy/statistics/two_by_two.mcfunction	
Noah's Ark	Noah's Ark	MESSAGE	blazeandcave:trophy/two_by_two	Видимое BACAP сообщение из bacap.zip:data/bacap_rewards/function/trophy/statistics/two_by_two.mcfunction	
Congratulations, you did it	Congratulations, you did it	MESSAGE	blazeandcave:trophy/ultimate_enchanter	Видимое BACAP сообщение из bacap.zip:data/bacap_rewards/function/trophy/challenges/ultimate_enchanter.mcfunction	
Master Enchanter's Book	Master Enchanter's Book	MESSAGE	blazeandcave:trophy/ultimate_enchanter	Видимое BACAP сообщение из bacap.zip:data/bacap_rewards/function/trophy/challenges/ultimate_enchanter.mcfunction	
Never gonna give you up	Never gonna give you up	MESSAGE	blazeandcave:trophy/ultimate_enchanter	Видимое BACAP сообщение из bacap.zip:data/bacap_rewards/function/trophy/challenges/ultimate_enchanter.mcfunction	
This document decrees you as a master enchanter	This document decrees you as a master enchanter	MESSAGE	blazeandcave:trophy/ultimate_enchanter	Видимое BACAP сообщение из bacap.zip:data/bacap_rewards/function/trophy/challenges/ultimate_enchanter.mcfunction	
Body Pillow	Body Pillow	MESSAGE	blazeandcave:trophy/undying_fandom	Видимое BACAP сообщение из bacap.zip:data/bacap_rewards/function/trophy/adventure/undying_fandom.mcfunction	
Calendar	Calendar	MESSAGE	blazeandcave:trophy/unending_hell	Видимое BACAP сообщение из bacap.zip:data/bacap_rewards/function/trophy/end/unending_hell.mcfunction	
I hate Mondays	I hate Mondays	MESSAGE	blazeandcave:trophy/unending_hell	Видимое BACAP сообщение из bacap.zip:data/bacap_rewards/function/trophy/end/unending_hell.mcfunction	
Sculk Meteorite	Sculk Meteorite	MESSAGE	blazeandcave:trophy/warden_extinction	Видимое BACAP сообщение из bacap.zip:data/bacap_rewards/function/trophy/weaponry/warden_extinction.mcfunction	
This actually caused the rise of the Warden species, not its extinction	This actually caused the rise of the Warden species, not its extinction	MESSAGE	blazeandcave:trophy/warden_extinction	Видимое BACAP сообщение из bacap.zip:data/bacap_rewards/function/trophy/weaponry/warden_extinction.mcfunction	
Corrupted Beacon	Corrupted Beacon	MESSAGE	blazeandcave:trophy/warlock	Видимое BACAP сообщение из bacap.zip:data/bacap_rewards/function/trophy/challenges/warlock.mcfunction	
It waits for the moment to unleash its wrath	It waits for the moment to unleash its wrath	MESSAGE	blazeandcave:trophy/warlock	Видимое BACAP сообщение из bacap.zip:data/bacap_rewards/function/trophy/challenges/warlock.mcfunction	
The Corrupted Beacon holds immense power within	The Corrupted Beacon holds immense power within	MESSAGE	blazeandcave:trophy/warlock	Видимое BACAP сообщение из bacap.zip:data/bacap_rewards/function/trophy/challenges/warlock.mcfunction	
Infinity Gauntlet	Infinity Gauntlet	MESSAGE	blazeandcave:trophy/were_in_the_endgame_now	Видимое BACAP сообщение из bacap.zip:data/bacap_rewards/function/trophy/challenges/were_in_the_endgame_now.mcfunction	
Iron Man stole all the stones so the best	Iron Man stole all the stones so the best	MESSAGE	blazeandcave:trophy/were_in_the_endgame_now	Видимое BACAP сообщение из bacap.zip:data/bacap_rewards/function/trophy/challenges/were_in_the_endgame_now.mcfunction	
you can do is punch people with it	you can do is punch people with it	MESSAGE	blazeandcave:trophy/were_in_the_endgame_now	Видимое BACAP сообщение из bacap.zip:data/bacap_rewards/function/trophy/challenges/were_in_the_endgame_now.mcfunction	
Spoon	Spoon	MESSAGE	blazeandcave:trophy/weve_broken_our_last_shovel	Видимое BACAP сообщение из bacap.zip:data/bacap_rewards/function/trophy/mining/weve_broken_our_last_shovel.mcfunction	
There is no spoon	There is no spoon	MESSAGE	blazeandcave:trophy/weve_broken_our_last_shovel	Видимое BACAP сообщение из bacap.zip:data/bacap_rewards/function/trophy/mining/weve_broken_our_last_shovel.mcfunction	
1-UP Life	1-UP Life	MESSAGE	blazeandcave:trophy/whack_a_mole	Видимое BACAP сообщение из bacap.zip:data/bacap_rewards/function/trophy/enchanting/whack_a_mole.mcfunction	
Every Goomba stomped from the eighth onward grants an extra life!	Every Goomba stomped from the eighth onward grants an extra life!	MESSAGE	blazeandcave:trophy/whack_a_mole	Видимое BACAP сообщение из bacap.zip:data/bacap_rewards/function/trophy/enchanting/whack_a_mole.mcfunction	
 among us	 among us	MESSAGE	blazeandcave:trophy/whats_new_with_composting	Видимое BACAP сообщение из bacap.zip:data/bacap_rewards/function/trophy/farming/whats_new_with_composting.mcfunction	
1 Composter	1 Composter	MESSAGE	blazeandcave:trophy/whats_new_with_composting	Видимое BACAP сообщение из bacap.zip:data/bacap_rewards/function/trophy/farming/whats_new_with_composting.mcfunction	
Compost Mate	Compost Mate	MESSAGE	blazeandcave:trophy/whats_new_with_composting	Видимое BACAP сообщение из bacap.zip:data/bacap_rewards/function/trophy/farming/whats_new_with_composting.mcfunction	
There is 	There is 	MESSAGE	blazeandcave:trophy/whats_new_with_composting	Видимое BACAP сообщение из bacap.zip:data/bacap_rewards/function/trophy/farming/whats_new_with_composting.mcfunction	
Dinnerbone's Head	Dinnerbone's Head	MESSAGE	blazeandcave:trophy/whats_up_doc	Видимое BACAP сообщение из bacap.zip:data/bacap_rewards/function/trophy/adventure/whats_up_doc.mcfunction	
He was a great pig	He was a great pig	MESSAGE	blazeandcave:trophy/when_pigs_finally_fly	Видимое BACAP сообщение из bacap.zip:data/bacap_rewards/function/trophy/weaponry/when_pigs_finally_fly.mcfunction	
Reuben the Wither Storm Ender	Reuben the Wither Storm Ender	MESSAGE	blazeandcave:trophy/when_pigs_finally_fly	Видимое BACAP сообщение из bacap.zip:data/bacap_rewards/function/trophy/weaponry/when_pigs_finally_fly.mcfunction	
FrogChamp	FrogChamp	MESSAGE	blazeandcave:trophy/when_the_squad_hops_into_town	Видимое BACAP сообщение из bacap.zip:data/bacap_rewards/function/trophy/animal/when_the_squad_hops_into_town.mcfunction	
It’s Wednesday, my dudes!	It’s Wednesday, my dudes!	MESSAGE	blazeandcave:trophy/when_the_squad_hops_into_town	Видимое BACAP сообщение из bacap.zip:data/bacap_rewards/function/trophy/animal/when_the_squad_hops_into_town.mcfunction	
Never underestimate the power of underwear!	Never underestimate the power of underwear!	MESSAGE	blazeandcave:trophy/where_are_all_your_clothes	Видимое BACAP сообщение из bacap.zip:data/bacap_rewards/function/trophy/mining/where_are_all_your_clothes.mcfunction	
Underpants	Underpants	MESSAGE	blazeandcave:trophy/where_are_all_your_clothes	Видимое BACAP сообщение из bacap.zip:data/bacap_rewards/function/trophy/mining/where_are_all_your_clothes.mcfunction	
2013 - 2020	2013 - 2020	MESSAGE	blazeandcave:trophy/xp_grinder	Видимое BACAP сообщение из bacap.zip:data/bacap_rewards/function/trophy/statistics/xp_grinder.mcfunction	
RIP Zero Tick Farms	RIP Zero Tick Farms	MESSAGE	blazeandcave:trophy/xp_grinder	Видимое BACAP сообщение из bacap.zip:data/bacap_rewards/function/trophy/statistics/xp_grinder.mcfunction	
Zero Tick Farm	Zero Tick Farm	MESSAGE	blazeandcave:trophy/xp_grinder	Видимое BACAP сообщение из bacap.zip:data/bacap_rewards/function/trophy/statistics/xp_grinder.mcfunction	
Ominous Shield	Ominous Shield	MESSAGE	blazeandcave:trophy/you_are_the_pillager	Видимое BACAP сообщение из bacap.zip:data/bacap_rewards/function/trophy/adventure/you_are_the_pillager.mcfunction	
Refreshment	Refreshment	MESSAGE	blazeandcave:trophy/your_legs_must_be_tired	Видимое BACAP сообщение из bacap.zip:data/bacap_rewards/function/trophy/statistics/your_legs_must_be_tired.mcfunction	
You'll need it after running that far	You'll need it after running that far	MESSAGE	blazeandcave:trophy/your_legs_must_be_tired	Видимое BACAP сообщение из bacap.zip:data/bacap_rewards/function/trophy/statistics/your_legs_must_be_tired.mcfunction	
Mind Stone	Mind Stone	MESSAGE	blazeandcave:trophy/zombie_apocalypse	Видимое BACAP сообщение из bacap.zip:data/bacap_rewards/function/trophy/challenges/zombie_apocalypse.mcfunction	
The ability to give the mindless minds of their own	The ability to give the mindless minds of their own	MESSAGE	blazeandcave:trophy/zombie_apocalypse	Видимое BACAP сообщение из bacap.zip:data/bacap_rewards/function/trophy/challenges/zombie_apocalypse.mcfunction	
Don't ask	Don't ask	MESSAGE	blazeandcave:trophy/zork_chop	Видимое BACAP сообщение из bacap.zip:data/bacap_rewards/function/trophy/nether/zork_chop.mcfunction	
The advancement count of all players currently online has been updated.	The advancement count of all players currently online has been updated.	MESSAGE	blazeandcave:update_score.mcfunction/update_score	Видимое BACAP сообщение из bacap.zip:data/bacap_rewards/function/update_score.mcfunction	
%1$s has completed the challenge %2$s%3$s%4$s	%1$s has completed the challenge %2$s%3$s%4$s	MESSAGE		Видимое BACAP reward/chat сообщение для blazeandcave:adventure/a_complete_catalogue; используется в 408 местах	
%1$s has found the hidden advancement %2$s%3$s%4$s	%1$s has found the hidden advancement %2$s%3$s%4$s	MESSAGE		Видимое BACAP reward/chat сообщение для blazeandcave:adventure/awards_ceremony; используется в 26 местах	
%1$s has made the advancement %2$s%3$s%4$s	%1$s has made the advancement %2$s%3$s%4$s	MESSAGE		Видимое BACAP reward/chat сообщение для blazeandcave:adventure/a_journey_begins; используется в 1162 местах	
%1$s has reached the goal %2$s%3$s%4$s	%1$s has reached the goal %2$s%3$s%4$s	MESSAGE		Видимое BACAP reward/chat сообщение для blazeandcave:adventure/a_chiptune_relic; используется в 664 местах	
%1$s tab	%1$s tab	MESSAGE		Видимое BACAP reward/chat сообщение для blazeandcave:adventure/a_chiptune_relic; используется в 2305 местах	
's Advancements Pack!	's Advancements Pack!	MESSAGE		Видимое BACAP сообщение из bacap.zip:data/blazeandcave/function/msg_intro.mcfunction; используется в 2 местах	
Advancement Completion Message Settings	Advancement Completion Message Settings	MESSAGE		Видимое BACAP сообщение из bacap.zip:data/blazeandcave/function/config.mcfunction; используется в 2 местах	
Advancement Scoreboard Display Settings	Advancement Scoreboard Display Settings	MESSAGE		Видимое BACAP сообщение из bacap.zip:data/blazeandcave/function/config.mcfunction; используется в 2 местах	
All players	All players	MESSAGE		Видимое BACAP сообщение из bacap.zip:data/blazeandcave/function/config.mcfunction; используется в 2 местах	
and	and	MESSAGE		Видимое BACAP сообщение из bacap.zip:data/blazeandcave/function/config.mcfunction; используется в 3 местах	
Blaze	Blaze	MESSAGE		Видимое BACAP сообщение из bacap.zip:data/blazeandcave/function/config.mcfunction; используется в 3 местах	
Cave	Cave	MESSAGE		Видимое BACAP сообщение из bacap.zip:data/blazeandcave/function/config.mcfunction; используется в 3 местах	
Click to disable for all players	Click to disable for all players	MESSAGE		Видимое BACAP сообщение из bacap.zip:data/blazeandcave/function/config.mcfunction; используется в 2 местах	
Click to enable for all players	Click to enable for all players	MESSAGE		Видимое BACAP сообщение из bacap.zip:data/blazeandcave/function/config.mcfunction; используется в 2 местах	
Click to enable for the first player on each team	Click to enable for the first player on each team	MESSAGE		Видимое BACAP сообщение из bacap.zip:data/blazeandcave/function/config.mcfunction; используется в 2 местах	
Click to enable only for the first player to get an advancement	Click to enable only for the first player to get an advancement	MESSAGE		Видимое BACAP сообщение из bacap.zip:data/blazeandcave/function/config.mcfunction; используется в 2 местах	
Click to view	Click to view	MESSAGE		Видимое BACAP сообщение из bacap.zip:data/blazeandcave/function/config.mcfunction; используется в 4 местах	
Disabled	Disabled	MESSAGE		Видимое BACAP сообщение из bacap.zip:data/blazeandcave/function/config.mcfunction; используется в 2 местах	
Discord	Discord	MESSAGE		Видимое BACAP сообщение из bacap.zip:data/blazeandcave/function/config/help_links.mcfunction; используется в 3 местах	
First player on each team	First player on each team	MESSAGE		Видимое BACAP сообщение из bacap.zip:data/blazeandcave/function/config.mcfunction; используется в 2 местах	
First player only	First player only	MESSAGE		Видимое BACAP сообщение из bacap.zip:data/blazeandcave/function/config.mcfunction; используется в 2 местах	
Note from the developer	Note from the developer	MESSAGE		Видимое BACAP сообщение из bacap.zip:data/blazeandcave/function/msg_alpha_build.mcfunction; используется в 2 местах	
Technical Settings	Technical Settings	MESSAGE		Видимое BACAP сообщение из bacap.zip:data/blazeandcave/function/config.mcfunction; используется в 2 местах	
Thank you for your patience and understanding.	Thank you for your patience and understanding.	MESSAGE		Видимое BACAP сообщение из bacap.zip:data/blazeandcave/function/msg_alpha_build.mcfunction; используется в 2 местах	
Welcome!	Welcome!	MESSAGE		Видимое BACAP сообщение из bacap.zip:data/blazeandcave/function/msg_intro.mcfunction; используется в 2 местах	
